palabra_1,palabra_2,palabra_3,palabra_4,palabra_5,palabra_6,palabra_7,palabra_8,palabra_9,palabra_10,palabra_11,palabra_12,palabra_13,palabra_14,palabra_15,palabra_16,palabra_17,palabra_18,palabra_19,palabra_20,palabra_21,palabra_22,palabra_23,palabra_24,palabra_25,palabra_26,palabra_27,palabra_28,palabra_29
paz,presidente,,,,,,,,,,,,,,,,,,,,,,,,,,,
este,es,el,hermano,de,evo,lara,es,el,hijo,,,,,,,,,,,,,,,,,,,
ni,que,estuvieras,compitiendo,con,masista,pues,hay,que,cuidarse,de,ustedes,más,bien,porque,están,infiltrados,de,frente,,,,,,,,,,
tuto,presidente,,,,,,,,,,,,,,,,,,,,,,,,,,,
el,mismo,discurso,de,evo,morales,,,,,,,,,,,,,,,,,,,,,,,
tuto,presidente,,,,,,,,,,,,,,,,,,,,,,,,,,,
tuto,presidente,,,,,,,,,,,,,,,,,,,,,,,,,,,
tuto,presidente,,,,,,,,,,,,,,,,,,,,,,,,,,,
tuto,presidente,,,,,,,,,,,,,,,,,,,,,,,,,,,
tuto,presidente,vamos,todos,unidos,con,tuto,presidente,con,inteligencia,,,,,,,,,,,,,,,,,,,
los,fraudulentos,están,en,el,gobierno,que,le,apoya,a,paz,por,lo,tanto,si,gana,será,con,fraude,tuto,presidente,viva,bolivia,l,,,,,
este,tipo,si,que,es,más,sonso,que,el,evo,,,,,,,,,,,,,,,,,,,
con,tuto,toda,la,vida,,,,,,,,,,,,,,,,,,,,,,,,
mr,ben,boliviano,digo,español,,,,,,,,,,,,,,,,,,,,,,,,
la,insentidumbre,le,ase,dudosa,su,mismo,pensamiento,q,el,anterior,gobernante,del,más,lo,mismo,comentaba,me,quieren,robar,mi,tr,,,,,,,
si,gana,rodrigo,y,lara,es,x,que,hubo,fraude,ya,que,su,papa,es,el,evo,asi,que,debemos,cuidar,nuestros,botos,bien,,,,,
uña,gallo,presidente,paz,desarollo,con,bolivia,para,bolivia,y,en,bolivia,suerte,nis,cuates,ay,nos,vemos,el,19,jua,,,,,,,,
totalmente,claro,que,sí,lo,haremos,,,,,,,,,,,,,,,,,,,,,,,
claro,que,sí,tuto,presidente,,,,,,,,,,,,,,,,,,,,,,,,
ahora,dirás,que,eso,te,dijo,el,pajarito,,,,,,,,,,,,,,,,,,,,,
nadie,quiere,un,presidente,inepto,,,,,,,,,,,,,,,,,,,,,,,,
espero,la,gente,sea,inteligente,y,ko,vote,a,este,delincuente,mentiroso,corrupto,,,,,,,,,,,,,,,,
el,burro,hablando,de,orejas,,,,,,,,,,,,,,,,,,,,,,,,
aparte,de,joderse,8,horas,vigilando,que,todo,marche,bien,pide,que,se,queden,mas,tiempo,por,su,capricho,éstos,ya,se,dan,por,g,,,,
como,puessi,con,los,q,pactaste,siguen,en,elpoder,,,,,,,,,,,,,,,,,,,,
claro,que,si,ganarían,con,fraude,no,por,su,capacidad,y,habilidad,de,conocimiento,,,,,,,,,,,,,,,
el,ladrón,cre,que,todos,son,de,su,condición,,,,,,,,,,,,,,,,,,,,
lacra,inútil,incapaz,,,,,,,,,,,,,,,,,,,,,,,,,,
ridículo,más,bien,hay,que,cuidarnos,de,ustedes,,,,,,,,,,,,,,,,,,,,,
para,que,si,ya,negociaste,con,arce,y,el,pdc,ganará,de,igual,forma,envano,la,gente,irá,a,votar,es,pérdida,de,tiempo,escuchar,a,este,vende,humo
ustedes,alineados,al,masismo,podrían,robar,las,elecciones,o,el,partido,oficialista,que,gracias,a,dios,no,participa,este,dulc,,,,,,,,,
se,todos,sabemos,que,los,masistas,harán,fraude,para,no,ir,se,presos,,,,,,,,,,,,,,,,
terrible,una,vergenza,total,cuál,peor,entre,rodrigopaz,y,edmanlara,ellos,al,estilo,de,evo,y,arce,ya,están,azuzando,a,l,,,,,,,
hasta,lo,lloron,ye,estas,copiando,de,tu,jefe,eres,un,estudiante,adelantado,seguro,tienes,un,doctorado,mejorando,lo,echo,por,,,,,,,,
me,pregunto,donde,esta,parado,el,gallo,menor,este,binomio,se,hizo,ver,tal,cual,son,antes,de,la,segunda,vuelta,no,tienen,ni,,,,,
kiko,presidente,,,,,,,,,,,,,,,,,,,,,,,,,,,
el,municipio,de,viacha,no,es,el,alto,solo,esa,aclaración,,,,,,,,,,,,,,,,,,
realmente,rodrigo,paz,y,lara,psicópata,tuto,presidente,jp,velasco,vicepresidente,,,,,,,,,,,,,,,,,,
propio,masista,salió,este,tipo,le,tomo,la,palabra,a,este,masista,y,es,verdad,hay,q,cuidar,el,voto,ya,que,ellos,han,estado,,,,
voto,inteligente,tuto,presidente,,,,,,,,,,,,,,,,,,,,,,,,,
rodrigo,paz,presidente,belleza,,,,,,,,,,,,,,,,,,,,,,,,,
sin,embargo,ustedes,harán,su,mega,fraude,con,el,evo,disimula,mosca,se,hacen,los,angelitos,,,,,,,,,,,,,
sin,vergenza,,,,,,,,,,,,,,,,,,,,,,,,,,,
este,es,mitómano,e,incapaz,da,pena,,,,,,,,,,,,,,,,,,,,,,
el,alto,dará,la,victoria,y,cuidará,el,voto,orgánico,consecuente,y,patriotico,desde,hoy,hasta,el,mismo,día,de,la,eleccion,a,la,,,,,
tuto,presidente,hastanla,victoria,,,,,,,,,,,,,,,,,,,,,,,,,
tuto,presidente,,,,,,,,,,,,,,,,,,,,,,,,,,,
ya,empezaron,estos,hijos,de,evo,a,hablar,evadas,,,,,,,,,,,,,,,,,,,,
dejen,de,llorar,proponen,cosas,absurdas,que,no,podran,cumplir,mentirosos,estafadores,embaucadores,le,mienten,ala,poblacion,,,,,,,,,,,,
rodrigo,paz,presidente,,,,,,,,,,,,,,,,,,,,,,,,,,
pobre,traumado,da,pena,,,,,,,,,,,,,,,,,,,,,,,,,
mr,best,a,havlado,payaso,evacopa,de,tarija,,,,,,,,,,,,,,,,,,,,,
ese,era,el,discurso,de,los,masis,ahora,este,le,sigue,el,paso,que,mal,ehhh,,,,,,,,,,,,,
los,únicos,que,hicieron,fraude,fue,el,más,está,probado,así,que,si,están,haciendo,ruido,quieren,hacer,mucho,ojo,los,socialista,,,,,,,
el,único,que,puede,hacer,fraude,es,rodrigo,y,lari,por,que,están,con,los,vistas,más,fraudulentos,como,ellos,no,hay,jj,,,,,,
si,por,ahí,nos,roba,los,votos,el,pdc,,,,,,,,,,,,,,,,,,,,
pueblo,atentos,al,mega,fraude,que,prepara,tuto,el,boca,edionda,con,los,zánganos,de,la,oeatodos,a,la,calle,y,darles,con,todo,a,estos,ladrones,,
cual,grandes,mayorias,diras,a,los,del,mas,,,,,,,,,,,,,,,,,,,,,
van,a,perder,pdc,por,falta,de,propuestas,guerra,sucia,plan,de,gobierno,escrito,con,chat,gpt,y,especialmente,por,tener,un,vice,psicópata,,,,,
si,los,ladrones,son,tus,amigos,y,socios,masistas,,,,,,,,,,,,,,,,,,,,
se,desconfía,de,ustedes,no,de,tuto,,,,,,,,,,,,,,,,,,,,,,
no,sabe,lo,que,dice,ese,caballerito,lari,lara,,,,,,,,,,,,,,,,,,,,
pdc,mas,,,,,,,,,,,,,,,,,,,,,,,,,,,
que,discurso,más,barato,grandes,mayorías,populista,ridículo,me,da,una,gran,pena,por,mi,país,tener,estos,socialista,izqui,,,,,,,,,
los,que,roban,los,votos,y,hacen,fraude,son,ustedes,,,,,,,,,,,,,,,,,,,
tuto,presidente,,,,,,,,,,,,,,,,,,,,,,,,,,,
por,q,habla,asi,si,esta,seguro,usted,a,q,teme,si,dice,q,le,apoyan,los,bolivianos,ppr,q,alarmarse,no,entiendo,preocupese,como,,,,
nunca,imaginé,que,hubiera,más,asnos,que,los,masistas,pero,este,tipo,es,de,lo,peor,con,razón,el,evismo,hace,lo,que,quiere,,,,,
este,tipo,está,peor,q,lara,,,,,,,,,,,,,,,,,,,,,,,
sin,duda,mi,voto,es,para,capitán,lara,,,,,,,,,,,,,,,,,,,,,
tuto,presidente,,,,,,,,,,,,,,,,,,,,,,,,,,,
jorge,quiroga,ramírez,,,,,,,,,,,,,,,,,,,,,,,,,,
tuto,presidente,,,,,,,,,,,,,,,,,,,,,,,,,,,
tuto,presidente,,,,,,,,,,,,,,,,,,,,,,,,,,,
el,mismo,modos,operante,del,mas,,,,,,,,,,,,,,,,,,,,,,,
solo,tuto,ganaremos,,,,,,,,,,,,,,,,,,,,,,,,,,
es,claro,que,rodrigo,paz,se,alio,con,el,mas,porque,su,actuar,su,falta,de,coherencia,y,propuestas,son,similares,al,anterior,presidente,evo,morales,,,
que,desesperado,está,este,hombre,el,gran,mentiroso,,,,,,,,,,,,,,,,,,,,,
los,masistas,son,expertos,en,hacer,fraude,claro,que,vamos,a,cuidar,y,vigilar,el,voto,,,,,,,,,,,,,
tuto,presidente,,,,,,,,,,,,,,,,,,,,,,,,,,,
de,ellos,nos,tenemos,que,cuidar,de,ellos,muy,bien,puede,haber,fraude,porque,sus,aliados,son,los,que,ganaron,siempre,en,base,,,,,,
tuto,presidente,,,,,,,,,,,,,,,,,,,,,,,,,,,
tuto,presidente,,,,,,,,,,,,,,,,,,,,,,,,,,,
sinvergenza,acaso,no,sabemos,en,manos,de,quien,está,el,tse,,,,,,,,,,,,,,,,,,
para,que,vos,no,te,robes,el,voto,,,,,,,,,,,,,,,,,,,,,
tuto,presidente,,,,,,,,,,,,,,,,,,,,,,,,,,,
y,a,los,que,se,queden,a,vigilar,le,vamos,a,dar,un,chicle,para,que,se,distraiga,,,,,,,,,,,
excelente,hay,que,cuidar,el,voto,por,qué,los,fraudulentos,están,camuflados,en,el,pdc,y,van,a,querer,hacer,nuevamente,fraude,,,,,,,
este,es,un,evo,junior,parece,q,lara,le,a,estado,pegando,para,que,el,inútil,este,hable,así,,,,,,,,,,
rodrigo,pdc,masistas,delincuentes,además,de,ser,paspako,demagogo,resultó,ser,tonto,los,únicos,que,en,bolivia,hacen,fraude,,,,,,,,,,
cuanto,la,paga,no,nos,pagan,al,igual,que,usted,sin,trabajar,cobra,el,tiempo,es,oro,,,,,,,,,,,,
tuto,presidente,,,,,,,,,,,,,,,,,,,,,,,,,,,
los,unicos,ladrones,mentirosos,son,rodrigomas,y,larilara,,,,,,,,,,,,,,,,,,,,,
tranquilo,así,será,le,darás,su,tunda,a,kiko,en,las,urnas,y,festejará,con,un,cafecito,y,con,chiclesito,,,,,,,,,
este,recibió,leche,paterna,para,hablar,tantas,webadss,,,,,,,,,,,,,,,,,,,,,
tuto,presidente,,,,,,,,,,,,,,,,,,,,,,,,,,,
los,delincuentes,son,estos,del,pdc,y,su,mafia,de,masistas,de,esos,hay,q,cuidar,el,voto,este,imbecil,haciéndose,la,víctima,,,,,,
los,fraudulentos,son,los,del,pdc,,,,,,,,,,,,,,,,,,,,,,,
sería,el,colmo,si,este,personaje,gana,,,,,,,,,,,,,,,,,,,,,,
tuto,presidente,,,,,,,,,,,,,,,,,,,,,,,,,,,
para,eso,cada,mesa,tiene,sus,delegados,capasitado,de,cada,binomio,ahora,que,ustedes,sean,unos,ladrones,no,quiere,decir,que,todos,sean,igual,,,,,
voten,quedense,ahí,los,masistas,especialistas,en,fraude,estan,camuflados,en,el,pdc,,,,,,,,,,,,,,,,
que,propuestas,tiene,hasta,la,fecha,no,puede,explicar,que,propuestas,pretende,implementar,en,el,país,no,hay,plata,para,bonos,,,,,,,,
claro,que,vamosa,cuidar,por,que,ya,no,ay,confianza,en,la,vida,nada,,,,,,,,,,,,,,,
todos,cuidemos,nuestro,voto,ya,no,las,hicieron,en,la,primera,la,segunda,es,la,vencida,dios,mediante,tuto,presidente,extraño,es,,,,,,,
todo,a,su,tiempo,por,suerte,tuvimos,2da,vuelta,para,ver,a,este,par,de,personas,que,son,unos,sinvergenzas,que,son,masistas,q,,,,,
el,burro,hablando,de,orejas,,,,,,,,,,,,,,,,,,,,,,,,
cada,vez,más,este,junior,se,parece,al,falso,indígena,se,autonombra,líder,de,las,grandes,mayorías,otro,masista,más,ignorante,y,adoctrinado,,,,,,
los,únicos,que,pueden,hacer,fraude,son,ustedes,del,pdc,,,,,,,,,,,,,,,,,,,
si,es,un,bago,vividor,del,estado,,,,,,,,,,,,,,,,,,,,,,
gracias,a,dios,no,tenemos,ésa,manía,dé,ustedes,tuto,presidente,,,,,,,,,,,,,,,,,,
pordiosero,ladron,estan,llorando,con,el,lari,lari,otro,ladron,lloron,,,,,,,,,,,,,,,,,,
es,el,propio,dios,nos,libre,,,,,,,,,,,,,,,,,,,,,,,
tiene,razón,no,debemos,confiar,para,nada,en,los,aliados,del,mas,,,,,,,,,,,,,,,,,
rodrigo,paz,presidente,de,bolivia,ganaremos,ya,esta,dicho,y,hecho,carajo,,,,,,,,,,,,,,,,,
mentiroso,be,ha,ber,tu,mastil,a,tu,cuidad,son,masistas,camuflados,todo,esta,a,luz,,,,,,,,,,,,,
por,favor,como,busca,marear,la,perdiz,si,hay,fraude,será,a,favor,del,nuevo,maspdc,,,,,,,,,,,,,
este,pobre,primero,que,soluciones,los,problemas,de,tarija,qué,robo,,,,,,,,,,,,,,,,,,
aquí,los,únicos,fraudulentos,son,los,masistas,la,gente,que,ahora,te,apoya,sinvergenza,,,,,,,,,,,,,,,
paz,lara,ganan,presidente,,,,,,,,,,,,,,,,,,,,,,,,,
que,se,cuide,el,voto,por,los,propios,ciudadanos,no,la,gente,afines,al,masismo,,,,,,,,,,,,,,
a,cuidar,nuestro,vototuto,presidentebolivia,libre,de,estos,son,cerebro,,,,,,,,,,,,,,,,,,,
los,zorros,serán,siempre,los,de,izquierda,tuto,presidente,,,,,,,,,,,,,,,,,,,,
paz,pensas,que,todos,somos,como,vos,para,robar,,,,,,,,,,,,,,,,,,,,
yo,no,votaré,por,usted,si,no,se,aleja,de,lara,,,,,,,,,,,,,,,,,,
si,señor,tuto,presidente,,,,,,,,,,,,,,,,,,,,,,,,,
rodrigo,paz,presidente,,,,,,,,,,,,,,,,,,,,,,,,,,
que,no,te,roben,el,chicle,,,,,,,,,,,,,,,,,,,,,,,
creo,que,el,mensaje,original,era,que,vigilen,a,su,vicepresidente,pues,gracias,a,su,partido,perderá,las,elecciones,,,,,,,,,,
rodrigo,paz,y,capitán,lara,al,gobierno,dios,les,ilumine,y,llene,de,muchas,bendiciones,,,,,,,,,,,,,,
tuto,presidente,,,,,,,,,,,,,,,,,,,,,,,,,,,
ese,tipo,vividor,vicioso,ya,habla,igual,que,el,tirano,evo,morales,como,va,decir,hay,que,vigilar,las,mesas,este,tipo,ya,es,el,,,,
si,tiene,pruebas,de,fraude,denuncie,o,se,convierte,en,complice,,,,,,,,,,,,,,,,,,
rodrigo,deje,de,lado,los,lamentos,típicos,del,mas,y,sus,principales,dirigentes,a,la,cabeza,de,evo,morales,y,sus,cuates,y,de,,,,,
pero,les,salió,el,tiro,por,la,culata,,,,,,,,,,,,,,,,,,,,,
votaremos,nulo,,,,,,,,,,,,,,,,,,,,,,,,,,,
para,que,estás,pidiendo,votos,si,no,saben,lo,que,van,hacer,cuando,estén,en,el,palacio,la,situación,de,bolivia,está,bien,compli,,,,,
tuto,presidente,,,,,,,,,,,,,,,,,,,,,,,,,,,
otro,evo,morales,,,,,,,,,,,,,,,,,,,,,,,,,,
el,único,que,podría,robar,las,elecciones,es,quien,lo,dice,nadie,habla,sin,experiencia,y,teniendo,de,maestro,al,innombrable,,,,,,,,
ustedes,ojalá,no,roben,y,hagan,fraude,,,,,,,,,,,,,,,,,,,,,,
los,masistas,son,los,que,hacen,fraude,,,,,,,,,,,,,,,,,,,,,,
los,únicos,ladrones,de,votos,son,los,zurdos,,,,,,,,,,,,,,,,,,,,,
mas,bien,vigilen,a,los,masispdc,que,ellos,preparan,un,mega,defraude,,,,,,,,,,,,,,,,,
y,con,que,piensas,pagar,con,chicles,,,,,,,,,,,,,,,,,,,,,,
