comentario,Agresividad,Ofensa,Ideolog√≠a,Constructividad,Empat√≠a,Di√°logo,Total,Catg
No m√°s puras habladur√≠as para pelear cero soluciones y plan de gobierno. Y 100% seguro de que sale limpio como en todos los procesos que le metieron xq no hay justificaci√≥n legal que valga sin cumplir la ley jaja,85.0,80.0,85.0,5.0,0.0,5.0,88.5,-1
Rodrigo Paz Se hace al Gil .,75.0,70.0,80.0,15.0,10.0,20.0,78.75,-1
Tus d√≠as ser√°n cortas..novato..,80.0,75.0,85.0,10.0,5.0,10.0,84.25,-1
Atrevidooooooo,70.0,65.0,75.0,20.0,15.0,25.0,73.75,-1
"No es necesario ser pol√≠tico para entender lo que pas√≥, pues todo el parlamento era del MAS y si no lo sacaban del pa√≠s Evo seguir√≠a siendo el presidente puesto que sus parlamentarios nunca le hubieran aceptado su renuncia.",75.0,70.0,80.0,15.0,10.0,20.0,78.75,-1
Esta bien que TUTO a preferido que salga del pais por que estos masistas tenian otras intenciones si se quedaba en el pais y cual es el problema rodrigo si esta ligado a evo eso es lo peor de rodrigo que deberia ser mas valiente y reconcer que si esta apoyado por evo mas bien por que no dice nada sobre su vice que anda ofreciendo todo como si el fuera e candidato a la precidencia,80.0,75.0,85.0,10.0,5.0,10.0,84.25,-1
Una buena estrategia ..,85.0,80.0,85.0,10.0,5.0,10.0,86.5,-1
Sobre la explicaci√≥n t√©cnica para la salida de Evo.. es tan simple... que lea un poco Rodrigo Paz para poder entender.... da pena... cuando se de cuenta de este su comentario... quiero ver su cara,90.0,85.0,90.0,5.0,0.0,5.0,91.5,-1
"En 2019 Bolivia, estaba al borde del caos. SI Evo se quedaba, hoy no habr√≠a elecciones ni democracia. La salida de Evo era necesaria para devolverle al pueblo la posibilidad de decidir",80.0,75.0,85.0,10.0,5.0,10.0,84.25,-1
A la hora D se esconder√° este gallinazo,75.0,70.0,80.0,15.0,10.0,20.0,78.75,-1
Tambi√©n al que apoy√≥ a su reelecci√≥n :v,70.0,65.0,80.0,20.0,15.0,25.0,74.5,-1
"Al puro estilo EVISTA, armando casos.",85.0,80.0,85.0,10.0,5.0,10.0,86.5,-1
Todos sabemos porque lo sacarona Evo de Bolivia (renuncia aceptada). El √∫nico que se hace al loco es este Paz (maleante). Con esto se confirma la clase de persona que es Paz,80.0,75.0,85.0,10.0,5.0,10.0,84.25,-1
"Yo vote x tuto, pero ganar√° lara, x culpa de Samuel y tuto",75.0,70.0,80.0,15.0,10.0,20.0,78.75,-1
Es mucho ü´è,80.0,75.0,85.0,10.0,5.0,10.0,84.25,-1
"Y no nos interesa Evo, tuto, o alguien con quien tiene conflicto personales.",85.0,80.0,85.0,10.0,5.0,10.0,86.5,-1
Pobre perro si no va a llegar a nada tuto presidente carajo,70.0,65.0,80.0,20.0,15.0,25.0,74.5,-1
Infame!!!!! Porque no lo denuncio en su momento??,75.0,70.0,85.0,15.0,10.0,20.0,79.5,-1
No dejemos que gane ese lara y rodrigo son unos inutiles nos van a llevar a la quiebra igual q cuba y venezuela,80.0,75.0,85.0,10.0,5.0,10.0,84.25,-1
EVO MORALES hizo mega fraude el 2019 y gracias a √©sa persona que ayud√≥ para sacar la basura del pa√≠s porque se estaba perfilando una sinverguenza dictadura socialista similar a la de Venezuela,85.0,80.0,85.0,10.0,5.0,10.0,86.5,-1
Este si es una persona terrible increible est√° con los masistas,90.0,85.0,90.0,5.0,0.0,5.0,91.5,-1
"Jajajaja que verg√ºenza, es claro ejemplo de que no tiene ni idea de lo que dice la constituci√≥n de este pa√≠s! Si Evo no abandonaba sus funciones, no hab√≠a forma de sacarlo. Su renuncia ten√≠a que ser aprobada y ninguna entidad del estado era independiente. No aprobar√≠an su renuncia! Era su plan para perpetuarse en el poder! Tuto di√≥ las v√≠as necesarias para que se largue y as√≠ por vac√≠o de poder se recurrir√≠a a sucesi√≥n constitucional! Est√°n desesperados por aferrarse al poder, por eso recurren a acusaciones falsas, al POPULISMO. Necesitamos un cambio, necesitamos recuperar la econom√≠a, y por ende gente capacitada para hacerlo! No dos peleles que uno habla sin pensar y el otro dej√≥ casi en la ruina a Tarija!",80.0,75.0,85.0,10.0,5.0,10.0,84.25,-1
Rodrigo paz usted es un peligro para la juventud para las menores de edad por delincuente por masista corudto delincuente no se dejen en ga√±ar ojo no queremos Venezuela no queremos Cuba no queremos Venezuela en el socialismo,75.0,70.0,80.0,15.0,10.0,20.0,78.75,-1
"El delito es el fraude lo que pas√≥ despu√©s es la consecuencia, as√≠ que Evo es culpable por los muertos de Sacaba y Senkata, sin fraude no hab√≠a muertos.",70.0,65.0,80.0,20.0,15.0,25.0,74.5,-1
Si procesan a Evo tienen que procesar a todos como a tuto y Camacho y pumari los chupas de Evo y sus ministros y todo el clan de A√±ez la justicia tiene que llegar para todos,85.0,80.0,85.0,10.0,5.0,10.0,86.5,-1
"Ya lo explico, a nivel nacional, para que se haga realidad la renuncia, la asamblea ten√≠a que aceptar o bien el huido, tener que irse fuera del pa√≠s... C√≥mo le gusta marear la perdiz a este se√±or BLA BLA Y nadie dice nada",80.0,75.0,85.0,10.0,5.0,10.0,84.25,-1
"Pero bien que el apoyaba el si a la re re reelecci√≥n, no te conviene debatir eso porque tuto te va a trapear.",75.0,70.0,80.0,15.0,10.0,20.0,78.75,-1
Se ve que no conoce nada referente a lo sucedido ; ni siquiera las leyes,80.0,75.0,85.0,10.0,5.0,10.0,84.25,-1
Fue una decisi√≥n inteligente sacarlo del pa√≠s al ped√≥filo por eso Tuto presidente.,85.0,80.0,85.0,10.0,5.0,10.0,86.5,-1
El fraude no existi√≥ es provocado por tuto quiroga para dar golpe de estado con camacho..,70.0,65.0,80.0,20.0,15.0,25.0,74.5,-1
Y vos saqueaste la alcaldia de Tja,75.0,70.0,85.0,15.0,10.0,20.0,79.5,-1
La verdad q nunca se vio a este Sr como q bajo de la luna,80.0,75.0,85.0,10.0,5.0,10.0,84.25,-1
Hay Rodrigo tanta fe que te ten√≠a ... Y resultaste ser el Andronico 2.0...,85.0,80.0,85.0,10.0,5.0,10.0,86.5,-1
"Ya no repitas lo mismo, parece que no tenes otra cosa que decir, pareces disco rayado.",90.0,85.0,90.0,5.0,0.0,5.0,91.5,-1
Ten√©s cara de diablo Rodrigo Paz,80.0,75.0,85.0,10.0,5.0,10.0,84.25,-1
no hay confianza en estos masistas solo lo dicen para quedae bien,75.0,70.0,80.0,15.0,10.0,20.0,78.75,-1
Y este era diputado y nunca dijo nada en su momento s√≠ verg√ºenza masista y si no sal√≠a del pa√≠s el innombrable se quedaba para siempre como Ch√°vez en Venezuela,70.0,65.0,80.0,20.0,15.0,25.0,74.5,-1
Ladron,85.0,80.0,85.0,10.0,5.0,10.0,86.5,-1
No se treta quien puso el avi√≥n e l proseso a EVO es por pedofilo abusar de ni√±as por eso es el poseso,80.0,75.0,85.0,10.0,5.0,10.0,84.25,-1
Tuto tambi√©n es masista porque lo ayudo a Evo a escapar... Tuto siempre fue masista tuto nos enga√±√≥ a todos.... odio a Tuto porque es masista,75.0,70.0,80.0,15.0,10.0,20.0,78.75,-1
"Este si es un perro cobarde y traicionero la desesperacion le esta llevando a la guillotina seran ellos mismos los verdugos de su propia medicina, masistas disfrazados de su PDC, en otras palabras #P#roceso #D#e #C.ambio, todos se van a la chirola basta de estos abusivos.",80.0,75.0,85.0,10.0,5.0,10.0,84.25,-1
M√°s packpaku con estos Paz. ... siembra dudas y ser√° peor como la ambici√≥n de quer√© entrar al poder es todo sucio.....eso deb√≠a mencionar cuando estaba como diputado....en la asamblea....no tiene coraje,85.0,80.0,85.0,10.0,5.0,10.0,86.5,-1
"Si hubo fraude con un padr√≥n sucio viciado , pq ahora votamos con el mismo padr√≥n , y a los candidatos q gritaban fraude . Lo q se estan buscando es q el pueblo se levante como en el pa√≠s de Nepal",70.0,65.0,80.0,20.0,15.0,25.0,74.5,-1
Rodrigo nos quieren seguir tomando por tontos e ignorantes... es un sin verg√ºenza,75.0,70.0,85.0,15.0,10.0,20.0,79.5,-1
Rodrigo no tienes por que decimular por que eres masista tu jefe es Evo,80.0,75.0,85.0,10.0,5.0,10.0,84.25,-1
Este nariz de bruja jura que va ganar,85.0,80.0,85.0,10.0,5.0,10.0,86.5,-1
Que viejo m√°s feo,90.0,85.0,90.0,5.0,0.0,5.0,91.5,-1
Rata inmunda,80.0,75.0,85.0,10.0,5.0,10.0,84.25,-1
Tu est√°s otro de promesas con que moral hablaüò°,75.0,70.0,80.0,15.0,10.0,20.0,78.75,-1
"TUTO estaba poniendo de ministro a Murillo, c√≥mo siempre metido en cada desastre",70.0,65.0,80.0,20.0,15.0,25.0,74.5,-1
Hay 1 mill√≥n de inscritos fantasmas que no votaron en las pasadas elecciones y que se las guardaron para estea segunda vuelta.,85.0,80.0,85.0,10.0,5.0,10.0,86.5,-1
Es un plan para enga√±ar y q voten por √©l,80.0,75.0,85.0,10.0,5.0,10.0,84.25,-1
HDP. No creas que eres l√≠der. Solo apoyamos por no apoyar a Tuto. No juegues con el pueblo puede que no dures ni un a√±o. El Revocatorio es un arma democratica y ya sabes que ganamos con el voto nulo.,75.0,70.0,80.0,15.0,10.0,20.0,78.75,-1
DE LA POLITICA POPULISTA HICIERON NEGOCIO ROBANDO Y ENGA√ëANDO A LOS MAS HUMILDES POR SU CONDICI√ìN DE IGNORANCIA.,80.0,75.0,85.0,10.0,5.0,10.0,84.25,-1
Con amenasas no se gana por lo menos yo votare por quien me genere mas confiansa y eso lo tengo bien claro,85.0,80.0,85.0,10.0,5.0,10.0,86.5,-1
Vividor,70.0,65.0,80.0,20.0,15.0,25.0,74.5,-1
Tiene cara de sinverg√ºenza como alguien a quien conozco.,75.0,70.0,85.0,15.0,10.0,20.0,79.5,-1
Aqu√≠ no ay quien es inocente en la pol√≠tica todos fueron parte de evo morales ni el pobre y el rico se salv√≥ del cocalero se√±ores. Lo peor que no reconocen su realidad √©stos pol√≠ticos,80.0,75.0,85.0,10.0,5.0,10.0,84.25,-1
A R. Paz le falta lo que ponen las gallinas para hacerle frente a su jefe Evo.,85.0,80.0,85.0,10.0,5.0,10.0,86.5,-1
Habla todo lo que le dice que diga el k‚Äôencha. Alguien est√° financiando su campa√±a y su guerra sucia,90.0,85.0,90.0,5.0,0.0,5.0,91.5,-1
Mientras uno estudiaba la CPE y otras leyes otro se escond√≠a a que baje la furia del pueblo.,80.0,75.0,85.0,10.0,5.0,10.0,84.25,-1
Maldito,75.0,70.0,80.0,15.0,10.0,20.0,78.75,-1
El ladr√≥n piensa que todos son de su condici√≥n.,70.0,65.0,80.0,20.0,15.0,25.0,74.5,-1
A √∫ltimo momento todo va prometer porque saben que ya est√°n perdidos,85.0,80.0,85.0,10.0,5.0,10.0,86.5,-1
"Se dijo observaciones, no fraude, solo meteran la pata por lamer el poto a camachito y su gente",80.0,75.0,85.0,10.0,5.0,10.0,84.25,-1
Mientras el rob4ba en Tarija,75.0,70.0,80.0,15.0,10.0,20.0,78.75,-1
"El √∫nico plan que tienen Paz y Lara es salvar al huEVO n , nada MAS.",80.0,75.0,85.0,10.0,5.0,10.0,84.25,-1
La estupidez no tiene l√≠mites,85.0,80.0,85.0,10.0,5.0,10.0,86.5,-1
Oiga usted no se enter√≥ quien es el enemigo del pa√≠s,70.0,65.0,80.0,20.0,15.0,25.0,74.5,-1
Miechi canto el gallito...quiere buscarle como sacarlo de la cancha a Tuto parece que le tiene miedo esas paradas indican que si. Que se aguante que espere que llegue la segunda vuelta por qu√© los Bolivianos cuidaremos muy bien el voto para que no nos roben nuestra libertad que tenemos.,75.0,70.0,85.0,15.0,10.0,20.0,79.5,-1
Tuto fue inteligente y lo despacho antes que intentara volver ante a vacio de poderüëè,80.0,75.0,85.0,10.0,5.0,10.0,84.25,-1
Este sujeto esta mas lo co que lara,85.0,80.0,85.0,10.0,5.0,10.0,86.5,-1
Rodrigo siempre ausente no se lo vio en las calles luchando contra el masismo pero siempre atacando a Tuto. Entiende si no lo sacaba Evo volv√≠a a gobernar como lo hizo Chavez.,90.0,85.0,90.0,5.0,0.0,5.0,91.5,-1
"Este Sr,deber√≠a rendir cuentas todav√≠a en Tarija por cu√°nto ser candidato es buscar impunidad por sus actos ilegales cometidos en su ciudad,parte de ser corrupto.",80.0,75.0,85.0,10.0,5.0,10.0,84.25,-1
"Otro enfermo, ll√©velo al psic√≥logo, por favor que pasa? DIOSITO nos libre de semejante personaje al igual que su pareja el Ex.",75.0,70.0,80.0,15.0,10.0,20.0,78.75,-1
No hay confianza en este sujeto,70.0,65.0,80.0,20.0,15.0,25.0,74.5,-1
Un binomio que nos puede llevar directo al abismo!!!,85.0,80.0,85.0,10.0,5.0,10.0,86.5,-1
"Pobre imb√©cil, necesitamos propuestas y no como lo sacaron a nuevo jefe, incapacez de debatir",80.0,75.0,85.0,10.0,5.0,10.0,84.25,-1
Ahora quien es el vende patria? üòÜüòÜüòÜ,75.0,70.0,80.0,15.0,10.0,20.0,78.75,-1
Vergonzoso. Mucha bajeza,80.0,75.0,85.0,10.0,5.0,10.0,84.25,-1
"PAZ, ESTABAS ESCONDIDO EL 2019... PORQUE NI MARCHANDO EN LAS CALLES TE VI!!! üôÑ",85.0,80.0,85.0,10.0,5.0,10.0,86.5,-1
Eso es pretexto del avi√≥n..,70.0,65.0,80.0,20.0,15.0,25.0,74.5,-1
"Paz , gallito de Troya, p√≠dele a Tuto que te explique porqu√© Evo Morales deb√≠a salir del pa√≠s, a ver s√≠ aprendes",75.0,70.0,85.0,15.0,10.0,20.0,79.5,-1
pobre ignorante si no lo sacaba a Evo de bolivia tu nunca hubieras podido candidatear por que Evo seguir√≠a siendo presidente,80.0,75.0,85.0,10.0,5.0,10.0,84.25,-1
SE√ëOR PAZ USTED ESTA FREGADO IGUAL CON MUCHOS PROCESOS Y ROBO EN TARIJA,85.0,80.0,85.0,10.0,5.0,10.0,86.5,-1
Imb√©cil...si no le pon√≠an el avi√≥n el ped√≥filo no se iba y hubiera sido peor para Bolivia!! ü§¶,90.0,85.0,90.0,5.0,0.0,5.0,91.5,-1
Que pena das,80.0,75.0,85.0,10.0,5.0,10.0,84.25,-1
"Las mismas ma√±as del narcotraficante de su padre, echar sus üí©üí©üí©a los dem√°s",75.0,70.0,80.0,15.0,10.0,20.0,78.75,-1
"SI EVO SE QUEDABA IBA A HACER LO MISMO QUE CHAVEZ‚ÄºÔ∏èVOLVER AL PODER, HABIA QUE SACARLO DEL PA√çS ‚ÄºÔ∏èü§¶üèª‚Äç‚ôÄÔ∏èü§¶üèª‚Äç‚ôÄÔ∏è HASTA EL M√ÅS TARADO ENTENDER√çA",70.0,65.0,80.0,20.0,15.0,25.0,74.5,-1
"TODOS LOS 1NUTILES HABLAN DE FRAUDE, PERO NINGUNO NO TIENEN PRUEBAS LA PRUEBA ES QUE EVO GANA CON MAYOR√çA ABSOLUTA POR ESO NO LO DEJARON IR A LA CARRERA ELECTORAL POBRE OPAS CON FALSAS O SIN FUNDAMENTOS ACUSAN POBRE IDIOTAS",85.0,80.0,85.0,10.0,5.0,10.0,86.5,-1
Y tambi√©n a los que est√°n negociando el Litio con Samuel y Claure no??? No te hagas al vivo,80.0,75.0,85.0,10.0,5.0,10.0,84.25,-1
Tantos a√±os q es diputado senador y es incre√≠ble qn se sepa la constituci√≥n pol√≠tica del estado a pesar q tuto lo explico bien este tipejo no se di√≥ la tarea de revisar lo q ISO tuto y es la verdad si el narco de quedaba en el chapare a la semana de nuevo asumiria el poder de nuevo,75.0,70.0,80.0,15.0,10.0,20.0,78.75,-1
Tonto el que te cree...!!! Corrupto....!!,80.0,75.0,85.0,10.0,5.0,10.0,84.25,-1
Pero si fue el presidente de M√©xico que le puso el avi√≥n. Hasta para opa se aplaza este. Sinverg√ºenza,85.0,80.0,85.0,10.0,5.0,10.0,86.5,-1
y el MALEANTE RODRIGO PAZ ES MASISTA (ES EL QUE HACE FRAUDE),70.0,65.0,80.0,20.0,15.0,25.0,74.5,-1
Entonces va a procesar a procesar a Mexico por mandarle el avion?,75.0,70.0,85.0,15.0,10.0,20.0,79.5,-1
A ver qu√© dicen los tutistas ?,80.0,75.0,85.0,10.0,5.0,10.0,84.25,-1
Cobarde el mentiroso.,85.0,80.0,85.0,10.0,5.0,10.0,86.5,-1
Jajaja obvio ya vio q todos lo atacan por q no dice nada en contra del pedofilo y se esta aferrando recien. A esto jajajja,90.0,85.0,90.0,5.0,0.0,5.0,91.5,-1
POR ESO PAZ Y LARA MEJOR OPCI√ìN üáßüá¥üáßüá¥üáßüá¥üáßüá¥,80.0,75.0,85.0,10.0,5.0,10.0,84.25,-1
"Bien Rodrigo, es la forma de perder votos..",75.0,70.0,80.0,15.0,10.0,20.0,78.75,-1
Osea que quer√≠a que siga convulsionando al pa√≠s y si ganaba Evo segu√≠a en el poder eso quer√≠a ü§î,70.0,65.0,80.0,20.0,15.0,25.0,74.5,-1
Jaja ve que est√° perdiendo y ahora quiere ganar votos de la derecha jaja tiene que ganar tuto si o si,85.0,80.0,85.0,10.0,5.0,10.0,86.5,-1
No reconoci√≥ miren el v√≠deo solo evade las preguntas como siempre al final no responde nada,80.0,75.0,85.0,10.0,5.0,10.0,84.25,-1
"Binomio de OPAS el Lara y Rodrigo, al igual que el MAS con su narco pedofilo, NECESITAN DE UN INTERPRETADOR porque siempre la prensa los mal interpreta.. T√≠pica estrategia SOCIALISTA, que usan para enfrentarse con la prensa y luego VICTIMIZARASE para NO DAR LA CARA",75.0,70.0,80.0,15.0,10.0,20.0,78.75,-1
El fraude se la inventaron ellos,80.0,75.0,85.0,10.0,5.0,10.0,84.25,-1
Este sujeto nefasto veamos si procesa a los pilotos mexicanos que se llevaron a su amo del Chapare,85.0,80.0,85.0,10.0,5.0,10.0,86.5,-1
Tuto presidente,70.0,65.0,80.0,20.0,15.0,25.0,74.5,-1
Seeehhh..claro..claro...de tibio ahora se pone a decir cualquier cosa para llegar al poder...Jjjaajja ü§£ demagogo.!,75.0,70.0,85.0,15.0,10.0,20.0,79.5,-1
Y d√≥nde estaba Rodrigo que no luch√≥ contra el fraude hoy defiende a Evo,80.0,75.0,85.0,10.0,5.0,10.0,84.25,-1
En cuanto gane rodrigo tuto ara lo de siempre... irse a gringolandia a vivir y luego aparecer√° en 5 a√±os para las otras elecciones siempre hizo eso as√≠ ser√° siempre üòè,85.0,80.0,85.0,10.0,5.0,10.0,86.5,-1
"Si persigues como perro al Narcopedofilo y a sus secuaces te doy mi voto, pero sino es un masista m√°s camuflado",90.0,85.0,90.0,5.0,0.0,5.0,91.5,-1
Y d√≥nde estaban los que ahora hablan fuerte de la salida de Evo? Que hicieron por Bolivia ? Ni siquiera por un Departamento cumplieron!!!!!de que hablan .C√≥mo ahora diskeee.Sinverguenzura may√∫scula,80.0,75.0,85.0,10.0,5.0,10.0,84.25,-1
"Sino se iba Morales, volv√≠a a la Presidencia. Lo que hizo TUTO al supuestamente ayudarlo a irse, fue que se fue y HOY NO PUEDE VOLVER A SER PRESIDENTE. üôÑ",75.0,70.0,80.0,15.0,10.0,20.0,78.75,-1
Todo los organismos internacionales coinciden que no hubo fraude,70.0,65.0,80.0,20.0,15.0,25.0,74.5,-1
POR USURPACION DE FUNCIONES KIKO EN ESE TIEMPO NO ERA NADIE POR Q TOMO ESAS DECISIONES SINSER AUTORIDAD ALGUNA,85.0,80.0,85.0,10.0,5.0,10.0,86.5,-1
Hipocritas.,80.0,75.0,85.0,10.0,5.0,10.0,84.25,-1
El avi√≥n presidencial fue el q lo sac√≥,75.0,70.0,80.0,15.0,10.0,20.0,78.75,-1
Este cantinflesco no se entera de lo que dice el opa de lara...,80.0,75.0,85.0,10.0,5.0,10.0,84.25,-1
Ya lo quiere arreglar despu√©s de lo quemado,85.0,80.0,85.0,10.0,5.0,10.0,86.5,-1
A esta altura ya sabemos que PDC SE CONVIRTI√ì EN NIDO DE MASISTAS BURROS SIN ESTUDIOS,70.0,65.0,80.0,20.0,15.0,25.0,74.5,-1
Sugerencia nom√°s...?,75.0,70.0,85.0,15.0,10.0,20.0,79.5,-1
CALLATE HIPOCRITA,80.0,75.0,85.0,10.0,5.0,10.0,84.25,-1
Este in√∫til lo enjuiciara al presidente de M√©xico q puso el avi√≥n para q el pedofilo huya,85.0,80.0,85.0,10.0,5.0,10.0,86.5,-1
.,90.0,85.0,90.0,5.0,0.0,5.0,91.5,-1
"Este lacayo del masismo quiere acabar con la oposici√≥n, y nunca va a encarcelar al evofilo y su s√©quito de ladrones corruptos, tampoco intervendr√° el chapare que es cuna del narco terrorismo",80.0,75.0,85.0,10.0,5.0,10.0,84.25,-1
El que puso av√≠on bajo que argumento o que delito ???? Que ignorante üí© se ve que tiene rabia hacia TUTO,75.0,70.0,80.0,15.0,10.0,20.0,78.75,-1
Este es un payaso,70.0,65.0,80.0,20.0,15.0,25.0,74.5,-1
Tuto es otro ladr√≥n la gente ciegos como sonsos siguien apoyando a ese ladr√≥n,85.0,80.0,85.0,10.0,5.0,10.0,86.5,-1
Mal agradecido gracias a tuto eres senador,80.0,75.0,85.0,10.0,5.0,10.0,84.25,-1
"Pero si el estaba apoyando su reelecci√≥n, que no se haga el loco! ü§£ü§£ü§£",75.0,70.0,80.0,15.0,10.0,20.0,78.75,-1
Reci√©n se manifiesta...ya que su vice lo arruino y va perdiendo apoyo ...tarde,80.0,75.0,85.0,10.0,5.0,10.0,84.25,-1
GONI DIJO NO IMPORTA EL COLOR DEL GATO. LO IMPORTANTE. ES.QUE CASE. RATONES,85.0,80.0,85.0,10.0,5.0,10.0,86.5,-1
LO IMPORTANTE ES QUE SALVARON BOLIVIA Y SUS RIQUEZAS NATURALES ADEMAS QUE EL PROCESO DE CAMBIO SIEMPRE CONTINUE POR 500 A√ëOS MAS Y MAS,70.0,65.0,80.0,20.0,15.0,25.0,74.5,-1
"Rodrigo Paz, Masista disfrazado de PDC. La misma terminologia del narcopedofilo EVO Morales.",75.0,70.0,85.0,15.0,10.0,20.0,79.5,-1
"Paz, el hombre fuerte de samuel su economista, 2 diputados masistas que vinieron a fiscalizar enviados por evo Morales, seguro llegaron a la casa y/o propiedades de Claure est√°n vendiendo humo en el programa QNMP se juntaron las ratas por favor debemos no votar por estos! En su pto viaje a Estados Unidos porwur no lo llevaron al Lari por pobre o por loco o porque iba a arruinar las reuniones all√°?",80.0,75.0,85.0,10.0,5.0,10.0,84.25,-1
TUTO PRESIDENTE,85.0,80.0,85.0,10.0,5.0,10.0,86.5,-1
Creer√≠as en un zorro? No se juega con un pa√≠s. Menos Bolivia!,90.0,85.0,90.0,5.0,0.0,5.0,91.5,-1
Laugh Lol GIF by Multimedios Tv,80.0,75.0,85.0,10.0,5.0,10.0,84.25,-1
EL VERDADERO LIDER DE IZQUIERDA ES EL CAPITAN EDMAN LARA BENDITO SEA DIOS,75.0,70.0,80.0,15.0,10.0,20.0,78.75,-1
Julieta Pe√±afiel Lia,70.0,65.0,80.0,20.0,15.0,25.0,74.5,-1
EL GOBIERNO MEXICANO LE PUSO EL AVI√ìN ..,85.0,80.0,85.0,10.0,5.0,10.0,86.5,-1
"No soy tutista, pero no seamos est√∫pidos por favor.!!",80.0,75.0,85.0,10.0,5.0,10.0,84.25,-1
Tuto era ministro de Jaime Paz Zamora que hac√≠a un ultra derechista con el MIR? Este hombre sinverg√ºenza a sido pol√≠tico en todos los colores ojala desaparezca este demonio.,75.0,70.0,80.0,15.0,10.0,20.0,78.75,-1
üí™üí™üêìüêìüíØ‚ô•Ô∏èüíõüíö,80.0,75.0,85.0,10.0,5.0,10.0,84.25,-1
Miente miente miente miente miente que algo quedara no?,85.0,80.0,85.0,10.0,5.0,10.0,86.5,-1
Happy Hashtag GIF,70.0,65.0,80.0,20.0,15.0,25.0,74.5,-1
"UD VA PERDER LAS ELECCIONES,",75.0,70.0,85.0,15.0,10.0,20.0,79.5,-1
"In√∫til ,facista sos uno derechita cobarde vende patria rastrero hdp pro yankis juntos ,tuto igual d traidores a la patria üí©üí©üí©ü§Æü§ÆüêÅüêÅüêÅ",80.0,75.0,85.0,10.0,5.0,10.0,84.25,-1
ESTA EN LA C.P.E. LEAN QUE NADIE LES CUENTE.,85.0,80.0,85.0,10.0,5.0,10.0,86.5,-1
"Procesar a evo por fraude ?entonces har√° √©l la denuncia ? que no era uno de los que le apoyaban para su re,re re elecci√≥n? vaya amigo que tiene el pedofilo narco terrorista evo .",90.0,85.0,90.0,5.0,0.0,5.0,91.5,-1
SUGIERE‚ùìÔ∏è‚ÅâÔ∏è‚ùìÔ∏è‚ÅâÔ∏è‚ùìÔ∏è,80.0,75.0,85.0,10.0,5.0,10.0,84.25,-1
"As√≠ no ganar√°s estas loco,fraude le comprobaron,golpe si hay muertos heridos en Senkata y Sacaba,sos un bu...p eso no te apoyan los Tarije√±os tambi√©n tienes cola.",75.0,70.0,80.0,15.0,10.0,20.0,78.75,-1
"Este empresario es conocido por pagar millonarias coimas para adjudicarse contratos estatales, est√° pagando todos los gastos de Rodrigo Paz y lo acompa√±a a todas sus reuniones, hasta le dio su auto y un jet privado, el PDC est√° vendiendo Bolivia sin ganar las elecciones, est√°n desesperados.",70.0,65.0,80.0,20.0,15.0,25.0,74.5,-1
Este burro no sabe hasta ahora CUAL ERA EL MOTIVO POR LO QUE TUTO SAC√ì A EVO... Es tan Lara q no se informa o simplemente desconoce de estos procedimientos,85.0,80.0,85.0,10.0,5.0,10.0,86.5,-1
"Y tambi√©n a vos por ser su cuate, por que mientras hac√≠a fechor√≠as, eras su c√≥mplice silencioso.",80.0,75.0,85.0,10.0,5.0,10.0,84.25,-1
"Este maldito Masista de Rodrigo ya no sabe que inventarse, este personaje es de lo. Peor, con el boca de v√≠bora de su vicepresidente, son la verguensa de Bolivia",75.0,70.0,80.0,15.0,10.0,20.0,78.75,-1
Estos est√°n m√°s locos que unas cabras ü§°ü§°,80.0,75.0,85.0,10.0,5.0,10.0,84.25,-1
"Fraude hizo tu abuela,estos candidatos de la derecha se inventan cualquier cosa para desprestigiar al mejor ex Presidente EVO MORALES sin mencionarlo no pueden hacer su campa√±a sirvientes del Imperialismo Yankee.",85.0,80.0,85.0,10.0,5.0,10.0,86.5,-1
Paz y Lara va tumbar al corrupto tuto chau tuto payaso,70.0,65.0,80.0,20.0,15.0,25.0,74.5,-1
Siguera mi voto nulo,75.0,70.0,85.0,15.0,10.0,20.0,79.5,-1
ESTE BICHO NO PIENZA ES UN PELIGRO PARA EVO PUEBLO DUE√ëO DE LA ASAMBLEA NACIONAL,80.0,75.0,85.0,10.0,5.0,10.0,84.25,-1
NO HABLES BURRERA CERRA LA BOCA PARA QUE NO ENTREN LAS MOSCAS,85.0,80.0,85.0,10.0,5.0,10.0,86.5,-1
Pobre imb√©cil...ambos se necesitan....cree que gan√≥ todo,90.0,85.0,90.0,5.0,0.0,5.0,91.5,-1
Y si no le pon√≠an el avi√≥n c√≥mo iba a haber sucesi√≥n??,80.0,75.0,85.0,10.0,5.0,10.0,84.25,-1
Imbec1l,75.0,70.0,80.0,15.0,10.0,20.0,78.75,-1
