palabra_1,palabra_2,palabra_3,palabra_4,palabra_5,palabra_6,palabra_7,palabra_8,palabra_9,palabra_10,palabra_11,palabra_12,palabra_13,palabra_14,palabra_15,palabra_16,palabra_17,palabra_18,palabra_19,palabra_20,palabra_21,palabra_22,palabra_23,palabra_24,palabra_25,palabra_26,palabra_27,palabra_28,palabra_29,palabra_30,palabra_31,palabra_32,palabra_33,palabra_34,palabra_35,palabra_36,palabra_37,palabra_38,palabra_39,palabra_40,palabra_41,palabra_42,palabra_43,palabra_44,palabra_45,palabra_46,palabra_47,palabra_48,palabra_49,palabra_50,palabra_51,palabra_52,palabra_53,palabra_54,palabra_55,palabra_56,palabra_57,palabra_58,palabra_59,palabra_60,palabra_61,palabra_62,palabra_63,palabra_64,palabra_65,palabra_66,palabra_67,palabra_68,palabra_69
tuto,presidente,la,única,opción,para,salvar,bolivia,con,una,propuesta,real,,,,,,,,,,,,,,,,,,,,,,,,,,,,,,,,,,,,,,,,,,,,,,,,,,,,,,,,,
a,llorar,ahora,,,,,,,,,,,,,,,,,,,,,,,,,,,,,,,,,,,,,,,,,,,,,,,,,,,,,,,,,,,,,,,,,,
jorge,tuto,quiroga,presidente,de,bolivia,digan,lo,que,digan,,,,,,,,,,,,,,,,,,,,,,,,,,,,,,,,,,,,,,,,,,,,,,,,,,,,,,,,,,,
fuerza,juan,pablo,eres,un,hombre,extraordinario,,,,,,,,,,,,,,,,,,,,,,,,,,,,,,,,,,,,,,,,,,,,,,,,,,,,,,,,,,,,,,
sigue,adelante,jp,,,,,,,,,,,,,,,,,,,,,,,,,,,,,,,,,,,,,,,,,,,,,,,,,,,,,,,,,,,,,,,,,,
jp,vicepresidente,,,,,,,,,,,,,,,,,,,,,,,,,,,,,,,,,,,,,,,,,,,,,,,,,,,,,,,,,,,,,,,,,,,
valientes,para,quebrar,bancos,ahora,sale,que,es,llorón,,,,,,,,,,,,,,,,,,,,,,,,,,,,,,,,,,,,,,,,,,,,,,,,,,,,,,,,,,,,
jp,velasco,vicepresidente,,,,,,,,,,,,,,,,,,,,,,,,,,,,,,,,,,,,,,,,,,,,,,,,,,,,,,,,,,,,,,,,,,
quien,siembra,cosecha,,,,,,,,,,,,,,,,,,,,,,,,,,,,,,,,,,,,,,,,,,,,,,,,,,,,,,,,,,,,,,,,,,
la,única,opción,tuto,presidente,si,,,,,,,,,,,,,,,,,,,,,,,,,,,,,,,,,,,,,,,,,,,,,,,,,,,,,,,,,,,,,,,
fuerza,jp,falta,poco,,,,,,,,,,,,,,,,,,,,,,,,,,,,,,,,,,,,,,,,,,,,,,,,,,,,,,,,,,,,,,,,,
igual,votaremos,tuto,,,,,,,,,,,,,,,,,,,,,,,,,,,,,,,,,,,,,,,,,,,,,,,,,,,,,,,,,,,,,,,,,,
fuerza,jp,,,,,,,,,,,,,,,,,,,,,,,,,,,,,,,,,,,,,,,,,,,,,,,,,,,,,,,,,,,,,,,,,,,
adelante,j,p,,,,,,,,,,,,,,,,,,,,,,,,,,,,,,,,,,,,,,,,,,,,,,,,,,,,,,,,,,,,,,,,,,
dios,los,bendiga,y,proteja,siempre,,,,,,,,,,,,,,,,,,,,,,,,,,,,,,,,,,,,,,,,,,,,,,,,,,,,,,,,,,,,,,,
dios,te,proteja,y,sigas,adelante,ya,estas,aunos,dias,de,que,ganes,las,eleciones,juan,pablo,,,,,,,,,,,,,,,,,,,,,,,,,,,,,,,,,,,,,,,,,,,,,,,,,,,,
jp,vamos,adelante,te,apoyamos,,,,,,,,,,,,,,,,,,,,,,,,,,,,,,,,,,,,,,,,,,,,,,,,,,,,,,,,,,,,,,,,
deberían,haber,hecho,este,mismo,show,cuando,evo,era,presidente,si,van,a,recordarle,la,vida,al,postulante,también,recuerden,q,nadie,decía,ni,hacia,nada,durante,20,años,llenos,de,racismo,,,,,,,,,,,,,,,,,,,,,,,,,,,,,,,,,,,,,
son,expertos,para,hacer,show,,,,,,,,,,,,,,,,,,,,,,,,,,,,,,,,,,,,,,,,,,,,,,,,,,,,,,,,,,,,,,,,
sigue,adelante,jp,lo,lograremos,,,,,,,,,,,,,,,,,,,,,,,,,,,,,,,,,,,,,,,,,,,,,,,,,,,,,,,,,,,,,,,,
el,candidato,de,red,uno,,,,,,,,,,,,,,,,,,,,,,,,,,,,,,,,,,,,,,,,,,,,,,,,,,,,,,,,,,,,,,,,
dios,los,bendiga,usteds,van,a,ganar,,,,,,,,,,,,,,,,,,,,,,,,,,,,,,,,,,,,,,,,,,,,,,,,,,,,,,,,,,,,,,
apoyo,a,tuto,,,,,,,,,,,,,,,,,,,,,,,,,,,,,,,,,,,,,,,,,,,,,,,,,,,,,,,,,,,,,,,,,,
dios,nos,libre,de,los,masistas,,,,,,,,,,,,,,,,,,,,,,,,,,,,,,,,,,,,,,,,,,,,,,,,,,,,,,,,,,,,,,,
libres,siempre,libres,es,con,tuto,presidente,,,,,,,,,,,,,,,,,,,,,,,,,,,,,,,,,,,,,,,,,,,,,,,,,,,,,,,,,,,,,,
dios,bendiga,tu,vida,jp,,,,,,,,,,,,,,,,,,,,,,,,,,,,,,,,,,,,,,,,,,,,,,,,,,,,,,,,,,,,,,,,
vamos,j,p,vice,presidente,,,,,,,,,,,,,,,,,,,,,,,,,,,,,,,,,,,,,,,,,,,,,,,,,,,,,,,,,,,,,,,,
dios,lo,bendiga,proteja,cuide,siempre,,,,,,,,,,,,,,,,,,,,,,,,,,,,,,,,,,,,,,,,,,,,,,,,,,,,,,,,,,,,,,,
dios,los,proteja,de,la,gente,mala,en,todo,momento,,,,,,,,,,,,,,,,,,,,,,,,,,,,,,,,,,,,,,,,,,,,,,,,,,,,,,,,,,,
en,tu,sueños,infantil,,,,,,,,,,,,,,,,,,,,,,,,,,,,,,,,,,,,,,,,,,,,,,,,,,,,,,,,,,,,,,,,,
jp,eres,un,gran,ser,humano,fuerza,ya,no,saben,que,hacer,los,masistas,,,,,,,,,,,,,,,,,,,,,,,,,,,,,,,,,,,,,,,,,,,,,,,,,,,,,,,
y,los,mal,llamados,medios,poniendo,en,primera,plana,al,sin,vergenza,racista,odiador,y,soberbio,,,,,,,,,,,,,,,,,,,,,,,,,,,,,,,,,,,,,,,,,,,,,,,,,,,,,
esta,gente,resentidaodiadora,y,como,le,están,dando,duro,a,jp,por,ser,cruceño,infelices,como,destilan,odio,a,todo,lo,que,sale,del,oriente,pero,tras,que,se,dice,algo,contra,ellos,apelan,a,su,vendida,ley,,,,,,,,,,,,,,,,,,,,,,,,,,,,,,,
jpno,haga,caso,a,los,lenguas,largas,son,masistas,,,,,,,,,,,,,,,,,,,,,,,,,,,,,,,,,,,,,,,,,,,,,,,,,,,,,,,,,,,,
inteligente,innovador,valiente,capaz,y,sobre,todo,educado,y,con,muchos,valorestuto,y,jp,presidente,,,,,,,,,,,,,,,,,,,,,,,,,,,,,,,,,,,,,,,,,,,,,,,,,,,,,,
fuerza,jp,,,,,,,,,,,,,,,,,,,,,,,,,,,,,,,,,,,,,,,,,,,,,,,,,,,,,,,,,,,,,,,,,,,
dios,lo,bendiga,y,proteja,siempre,juan,pablo,velasco,,,,,,,,,,,,,,,,,,,,,,,,,,,,,,,,,,,,,,,,,,,,,,,,,,,,,,,,,,,,
bendiciones,,,,,,,,,,,,,,,,,,,,,,,,,,,,,,,,,,,,,,,,,,,,,,,,,,,,,,,,,,,,,,,,,,,,
nica,votaría,por,los,racistas,,,,,,,,,,,,,,,,,,,,,,,,,,,,,,,,,,,,,,,,,,,,,,,,,,,,,,,,,,,,,,,,
jp,presidente,tuto,quiroga,presidente,viva,la,libertad,viva,la,democracia,,,,,,,,,,,,,,,,,,,,,,,,,,,,,,,,,,,,,,,,,,,,,,,,,,,,,,,,,,
tuto,cayó,bajo,al,elegir,a,su,vice,o,le,hicieron,pisar,el,palito,,,,,,,,,,,,,,,,,,,,,,,,,,,,,,,,,,,,,,,,,,,,,,,,,,,,,,,
siga,adelante,jp,velasco,,,,,,,,,,,,,,,,,,,,,,,,,,,,,,,,,,,,,,,,,,,,,,,,,,,,,,,,,,,,,,,,,
eso,es,lo,que,estan,haciendo,estos,masista,como,hay,un,gran,rebaño,que,lo,apoyan,cierto,,,,,,,,,,,,,,,,,,,,,,,,,,,,,,,,,,,,,,,,,,,,,,,,,,,,
sigue,adelante,jp,a,esta,gente,que,abla,tanto,de,racismo,déjalo,que,se,muerdan,la,lengua,estas,cobras,ya,falta,poco,para,festejar,el,triunfo,todo,el,pueblo,te,apoya,sin,contar,con,las,ratas,y,las,moscas,masista,,,,,,,,,,,,,,,,,,,,,,,,,,,,,
cusndo,estab,evo,y,ahora,srce,no,se,podia,hacer,nada,porque,siempre,se,hizo,lo,que,a,ellos,les,daba,la,gana,inponian,amenazaban,estorsionaban,y,por,ultimo,enviaban,a,matar,y,luego,se,hacian,a,las,victimas,angelitos,ovejitas,sin,embargo,son,lobos,feroses,raviosos,y,peligrosos,,,,,,,,,,,,,,,,,,,,
es,puro,montaje,,,,,,,,,,,,,,,,,,,,,,,,,,,,,,,,,,,,,,,,,,,,,,,,,,,,,,,,,,,,,,,,,,
racista,,,,,,,,,,,,,,,,,,,,,,,,,,,,,,,,,,,,,,,,,,,,,,,,,,,,,,,,,,,,,,,,,,,,
donde,esta,el,racista,edman,lara,el,es,unico,envidioso,racista,,,,,,,,,,,,,,,,,,,,,,,,,,,,,,,,,,,,,,,,,,,,,,,,,,,,,,,,,,
sinverguenza,son,los,que,juntaron,al,mas,,,,,,,,,,,,,,,,,,,,,,,,,,,,,,,,,,,,,,,,,,,,,,,,,,,,,,,,,,,,,,
como,es,la,guerra,sucia,mientras,uno,quiere,ser,triunfador,,,,,,,,,,,,,,,,,,,,,,,,,,,,,,,,,,,,,,,,,,,,,,,,,,,,,,,,,,,
dios,te,bendiga,juan,pablo,velasco,y,te,proteja,de,esta,mafia,del,mas,,,,,,,,,,,,,,,,,,,,,,,,,,,,,,,,,,,,,,,,,,,,,,,,,,,,,,,
fuerza,jp,futuro,vicepresidente,de,bolivia,,,,,,,,,,,,,,,,,,,,,,,,,,,,,,,,,,,,,,,,,,,,,,,,,,,,,,,,,,,,,,,
jaja,,,,,,,,,,,,,,,,,,,,,,,,,,,,,,,,,,,,,,,,,,,,,,,,,,,,,,,,,,,,,,,,,,,,
con,la,bendición,de,dios,jp,,,,,,,,,,,,,,,,,,,,,,,,,,,,,,,,,,,,,,,,,,,,,,,,,,,,,,,,,,,,,,,
bendiciones,jp,,,,,,,,,,,,,,,,,,,,,,,,,,,,,,,,,,,,,,,,,,,,,,,,,,,,,,,,,,,,,,,,,,,
cómo,puede,ser,nuestro,vicepresidente,un,desfalcador,del,banco,fasil,,,,,,,,,,,,,,,,,,,,,,,,,,,,,,,,,,,,,,,,,,,,,,,,,,,,,,,,,,,
falta,poco,para,que,se,vayan,,,,,,,,,,,,,,,,,,,,,,,,,,,,,,,,,,,,,,,,,,,,,,,,,,,,,,,,,,,,,,,
vamos,sigue,adelante,jp,no,haga,caso,a,estos,q,quieren,el,mal,a,la,gente,todos,son,los,masistas,dolidos,,,,,,,,,,,,,,,,,,,,,,,,,,,,,,,,,,,,,,,,,,,,,,,,
racistas,,,,,,,,,,,,,,,,,,,,,,,,,,,,,,,,,,,,,,,,,,,,,,,,,,,,,,,,,,,,,,,,,,,,
fuerza,señor,jp,,,,,,,,,,,,,,,,,,,,,,,,,,,,,,,,,,,,,,,,,,,,,,,,,,,,,,,,,,,,,,,,,,
estamos,orando,por,jp,dios,te,guarde,y,te,cubra,con,su,dangre,poderosa,no,temas,ni,desmayes,dios,esta,contigo,,,,,,,,,,,,,,,,,,,,,,,,,,,,,,,,,,,,,,,,,,,,,,,,
otro,rata,cora,quien,a,vaciado,banco,facil,,,,,,,,,,,,,,,,,,,,,,,,,,,,,,,,,,,,,,,,,,,,,,,,,,,,,,,,,,,,,
no,estas,solo,jp,tenes,a,bolivia,en,apoyo,,,,,,,,,,,,,,,,,,,,,,,,,,,,,,,,,,,,,,,,,,,,,,,,,,,,,,,,,,,,
la,red,uno,no,deberia,tener,preferencia,politica,yo,apoyo,a,tuto,pero,le,atacaron,mucho,a,lara,y,cuando,aparece,algo,de,jp,no,dicen,nada,,,,,,,,,,,,,,,,,,,,,,,,,,,,,,,,,,,,,,,,,,
acusale,con,tu,mamá,,,,,,,,,,,,,,,,,,,,,,,,,,,,,,,,,,,,,,,,,,,,,,,,,,,,,,,,,,,,,,,,,
dios,lo,bendiga,y,lo,proteja,,,,,,,,,,,,,,,,,,,,,,,,,,,,,,,,,,,,,,,,,,,,,,,,,,,,,,,,,,,,,,,
ya,no,saben,que,hablar,,,,,,,,,,,,,,,,,,,,,,,,,,,,,,,,,,,,,,,,,,,,,,,,,,,,,,,,,,,,,,,,
tuto,presidente,y,jp,vicepresidente,,,,,,,,,,,,,,,,,,,,,,,,,,,,,,,,,,,,,,,,,,,,,,,,,,,,,,,,,,,,,,,,
jpnuestro,vice,presidente,nato,,,,,,,,,,,,,,,,,,,,,,,,,,,,,,,,,,,,,,,,,,,,,,,,,,,,,,,,,,,,,,,,,
jp,vicepresidente,,,,,,,,,,,,,,,,,,,,,,,,,,,,,,,,,,,,,,,,,,,,,,,,,,,,,,,,,,,,,,,,,,,
dios,té,bendiga,siempre,jp,vicepresidente,,,,,,,,,,,,,,,,,,,,,,,,,,,,,,,,,,,,,,,,,,,,,,,,,,,,,,,,,,,,,,,
vamos,jp,,,,,,,,,,,,,,,,,,,,,,,,,,,,,,,,,,,,,,,,,,,,,,,,,,,,,,,,,,,,,,,,,,,
tuto,presidente,,,,,,,,,,,,,,,,,,,,,,,,,,,,,,,,,,,,,,,,,,,,,,,,,,,,,,,,,,,,,,,,,,,
el,debate,fué,claro,con,un,candidato,serio,propositivo,,,,,,,,,,,,,,,,,,,,,,,,,,,,,,,,,,,,,,,,,,,,,,,,,,,,,,,,,,,,
dios,los,acompañe,mí,vice,pdt,jp,,,,,,,,,,,,,,,,,,,,,,,,,,,,,,,,,,,,,,,,,,,,,,,,,,,,,,,,,,,,,,
ese,cuate,noseve,ni,en,la,pelea,de,perros,,,,,,,,,,,,,,,,,,,,,,,,,,,,,,,,,,,,,,,,,,,,,,,,,,,,,,,,,,,,
y,con,tuto,,,,,,,,,,,,,,,,,,,,,,,,,,,,,,,,,,,,,,,,,,,,,,,,,,,,,,,,,,,,,,,,,,
fuerza,eres,todo,un,caballero,se,te,ve,en,los,ojos,la,clase,de,persona,que,eres,tienes,la,bendición,de,dios,el,te,cuida,y,proteje,,,,,,,,,,,,,,,,,,,,,,,,,,,,,,,,,,,,,,,,,,
diga,lo,que,digan,no,importa,,,,,,,,,,,,,,,,,,,,,,,,,,,,,,,,,,,,,,,,,,,,,,,,,,,,,,,,,,,,,,,
llorona,quejarte,atu,mama,,,,,,,,,,,,,,,,,,,,,,,,,,,,,,,,,,,,,,,,,,,,,,,,,,,,,,,,,,,,,,,,,
yo,votaré,por,jp,,,,,,,,,,,,,,,,,,,,,,,,,,,,,,,,,,,,,,,,,,,,,,,,,,,,,,,,,,,,,,,,,
racista,,,,,,,,,,,,,,,,,,,,,,,,,,,,,,,,,,,,,,,,,,,,,,,,,,,,,,,,,,,,,,,,,,,,
tuto,presidente,,,,,,,,,,,,,,,,,,,,,,,,,,,,,,,,,,,,,,,,,,,,,,,,,,,,,,,,,,,,,,,,,,,
red,uno,es,una,mik,por,qué,no,ponen,l,a,verdad,y,co,siempre,publican,a,sus,bolsillos,pero,señores,es,una,manera,educada,de,decir,es,más,gente,estúpida,mi,bolivia,se,da,cuenta,de,los,males,que,están,haciendo,,,,,,,,,,,,,,,,,,,,,,,,,,,
jp,que,yo,sepa,nunca,escucho,ensultando,alos,masista,por,ejemplo,ese,tal,edman,y,rodrigo,porque,todos,los,masista,esntán,con,ellos,,,,,,,,,,,,,,,,,,,,,,,,,,,,,,,,,,,,,,,,,,,,,,
tuto,presidente,así,será,,,,,,,,,,,,,,,,,,,,,,,,,,,,,,,,,,,,,,,,,,,,,,,,,,,,,,,,,,,,,,,,,
tuto,presidente,,,,,,,,,,,,,,,,,,,,,,,,,,,,,,,,,,,,,,,,,,,,,,,,,,,,,,,,,,,,,,,,,,,
dios,todopoderoso,en,este,mundo,hay,mucho,odio,y,prejuicio,todos,estamos,bajo,tu,mirada,sólo,tú,sabes,lo,que,hay,en,el,corazón,del,ser,humano,protege,a,la,gente,de,bien,,,,,,,,,,,,,,,,,,,,,,,,,,,,,,,,,,,,
odiador,busca,pleito,rrasista,son,los,masista,peleador,se,acuerda,lo,que,dijo,una,bes,tu,presidente,los,cambitas,están,ocultando,el,arroz,aceite,acaso,nose,acuerdan,de,ese,ahi,nadie,dise,nada,,,,,,,,,,,,,,,,,,,,,,,,,,,,,,,,,,,,
cristalito,a,llorar,a,otra,parte,las,malas,acciones,siempre,tienen,consecuencias,,,,,,,,,,,,,,,,,,,,,,,,,,,,,,,,,,,,,,,,,,,,,,,,,,,,,,,,,
todos,los,bolivianos,unidos,podemos,tuto,presidente,de,bolivia,si,,,,,,,,,,,,,,,,,,,,,,,,,,,,,,,,,,,,,,,,,,,,,,,,,,,,,,,,,,,
aguante,jp,tiene,mucho,apoyo,,,,,,,,,,,,,,,,,,,,,,,,,,,,,,,,,,,,,,,,,,,,,,,,,,,,,,,,,,,,,,,,
tuto,presidente,vice,jp,,,,,,,,,,,,,,,,,,,,,,,,,,,,,,,,,,,,,,,,,,,,,,,,,,,,,,,,,,,,,,,,,
racista,,,,,,,,,,,,,,,,,,,,,,,,,,,,,,,,,,,,,,,,,,,,,,,,,,,,,,,,,,,,,,,,,,,,
para,que,saber,más,sobre,esta,persona,su,dinero,no,le,sirve,de,nada,para,convencer,a,un,país,,,,,,,,,,,,,,,,,,,,,,,,,,,,,,,,,,,,,,,,,,,,,,,,,,
red,uno,de,bolivia,siempre,fue,un,canal,partidista,racista,tergiversando,la,información,y,ocultando,la,verdad,q,se,puede,esperar,si,siempre,tuvo,color,politico,,,,,,,,,,,,,,,,,,,,,,,,,,,,,,,,,,,,,,,,,,,
fuerza,jp,tu,eres,un,profesional,humilde,educado,y,preparado,es,lo,que,necesita,nuestra,amada,bolivia,,,,,,,,,,,,,,,,,,,,,,,,,,,,,,,,,,,,,,,,,,,,,,,,,,,,
tuto,presidente,,,,,,,,,,,,,,,,,,,,,,,,,,,,,,,,,,,,,,,,,,,,,,,,,,,,,,,,,,,,,,,,,,,
tuto,presidente,,,,,,,,,,,,,,,,,,,,,,,,,,,,,,,,,,,,,,,,,,,,,,,,,,,,,,,,,,,,,,,,,,,
racista,nunca,,,,,,,,,,,,,,,,,,,,,,,,,,,,,,,,,,,,,,,,,,,,,,,,,,,,,,,,,,,,,,,,,,,
tuto,presidente,,,,,,,,,,,,,,,,,,,,,,,,,,,,,,,,,,,,,,,,,,,,,,,,,,,,,,,,,,,,,,,,,,,
red,uno,eso,bien,informa,pero,el,racismo,y,la,discriminación,q,hizo,esté,señor,llamado,juan,pablo,velasco,no,dicen,nada,q,lamentable,q,rápidamente,saquen,esto,y,no,así,otras,cosas,ahí,se,nota,q,están,pagados,por,estos,señores,,,,,,,,,,,,,,,,,,,,,,,,,,,
jp,vamos,adelante,todos,los,bolivianos,te,apoyamo,,,,,,,,,,,,,,,,,,,,,,,,,,,,,,,,,,,,,,,,,,,,,,,,,,,,,,,,,,,,,
auditoria,al,sistema,electoral,,,,,,,,,,,,,,,,,,,,,,,,,,,,,,,,,,,,,,,,,,,,,,,,,,,,,,,,,,,,,,,,,
quiere,aser,se,pasar,por,alibaba,rodeando,se,de,puro,ladrones,conocidos,por,la,sociedad,pero,hay,tontos,que,caen,en,su,discurso,de,buena,gente,mientras,el,riéndose,de,sus,seguidores,tontos,abemos,tuto,elegimos,jajajaja,jajajaja,,,,,,,,,,,,,,,,,,,,,,,,,,,,,,,
fuerza,y,mucha,fe,jp,vamos,con,la,frente,en,alto,y,mirando,adelante,,,,,,,,,,,,,,,,,,,,,,,,,,,,,,,,,,,,,,,,,,,,,,,,,,,,,,,
racista,,,,,,,,,,,,,,,,,,,,,,,,,,,,,,,,,,,,,,,,,,,,,,,,,,,,,,,,,,,,,,,,,,,,
dios,está,con,lo,s,justos,y,el,q,tiene,buenas,propuestas,para,el,pueblo,y,va,dar,seguridad,a,su,población,esos,son,tuto,y,jp,presidente,ya,tuvimos,20,años,de,retrasos,y,terrorismo,y,bloqueadores,lleno,de,mafia,ya,bolivia,no,está,dispuesto,a,tolerar,más,abusos,el,mas,nunca,más,lara,paz,es,lo,mismo,por,eso,son,los,ataques,no,quieren,dejar,la,mamadera
la,típica,guerra,sucia,pero,bolivia,tendrá,el,presidente,que,se,merece,ya,sea,si,quiere,quedarse,en,lo,mismo,con,el,pdc,o,si,decide,avanzar,al,desarrollo,tecnológico,mundial,con,libre,,,,,,,,,,,,,,,,,,,,,,,,,,,,,,,,,,,,
llorones,ya,se,ven,perdedores,,,,,,,,,,,,,,,,,,,,,,,,,,,,,,,,,,,,,,,,,,,,,,,,,,,,,,,,,,,,,,,,
jp,a,la,visipredidencia,,,,,,,,,,,,,,,,,,,,,,,,,,,,,,,,,,,,,,,,,,,,,,,,,,,,,,,,,,,,,,,,,
regionalista,,,,,,,,,,,,,,,,,,,,,,,,,,,,,,,,,,,,,,,,,,,,,,,,,,,,,,,,,,,,,,,,,,,,
que,no,sufra,que,renuncie,,,,,,,,,,,,,,,,,,,,,,,,,,,,,,,,,,,,,,,,,,,,,,,,,,,,,,,,,,,,,,,,
jp,no,te,dejés,es,típico,de,los,masistas,disfrazado,pdc,victimizarse,ellos,son,los,más,racistas,,,,,,,,,,,,,,,,,,,,,,,,,,,,,,,,,,,,,,,,,,,,,,,,,,,,
pobrecito,el,cobarde,de,merda,,,,,,,,,,,,,,,,,,,,,,,,,,,,,,,,,,,,,,,,,,,,,,,,,,,,,,,,,,,,,,,,
tuto,presidente,,,,,,,,,,,,,,,,,,,,,,,,,,,,,,,,,,,,,,,,,,,,,,,,,,,,,,,,,,,,,,,,,,,
en,primera,plana,el,que,quiere,que,medio,país,sea,4sesin4do,da,pena,la,gente,que,lo,apoya,,,,,,,,,,,,,,,,,,,,,,,,,,,,,,,,,,,,,,,,,,,,,,,,,,,
bien,sigue,adelante,jp,que,el,abortó,de,evo,y,arce,te,tiene,miedoporqué,no,va,poder,explicarte,de,donde,va,a,sacar,los,2000bs,de,bonos,,,,,,,,,,,,,,,,,,,,,,,,,,,,,,,,,,,,,,,,,,
red,uno,como,siempre,queriendo,tapar,el,sol,con,un,dedo,y,las,macanas,que,dijo,este,señor,asi,digan,que,lo,asaltaron,lo,robaron,o,lo,amenasaron,lo,que,dijo,ya,esta,hecho,,,,,,,,,,,,,,,,,,,,,,,,,,,,,,,,,,,
comodisen,ni,izquierda,ni,derecha,cualquiera,lo,ase,bien,contal,q,no,sea,ratero,ni,corupto,vean,chile,ahora,es,gobierno,de,izquierda,antes,era,de,derecha,,,,,,,,,,,,,,,,,,,,,,,,,,,,,,,,,,,,,,,,,,
rodrigo,presidente,,,,,,,,,,,,,,,,,,,,,,,,,,,,,,,,,,,,,,,,,,,,,,,,,,,,,,,,,,,,,,,,,,,
tuto,presiedente,jp,vicepresidente,,,,,,,,,,,,,,,,,,,,,,,,,,,,,,,,,,,,,,,,,,,,,,,,,,,,,,,,,,,,,,,,,
fuerza,jp,,,,,,,,,,,,,,,,,,,,,,,,,,,,,,,,,,,,,,,,,,,,,,,,,,,,,,,,,,,,,,,,,,,
adelante,jp,ni,comparación,alguna,con,lara,quien,no,tiene,valores,y,educación,,,,,,,,,,,,,,,,,,,,,,,,,,,,,,,,,,,,,,,,,,,,,,,,,,,,,,,,
tuto,presidente,,,,,,,,,,,,,,,,,,,,,,,,,,,,,,,,,,,,,,,,,,,,,,,,,,,,,,,,,,,,,,,,,,,
fuerza,te,tienen,miedo,,,,,,,,,,,,,,,,,,,,,,,,,,,,,,,,,,,,,,,,,,,,,,,,,,,,,,,,,,,,,,,,,
todo,nuestro,apoyo,para,jp,,,,,,,,,,,,,,,,,,,,,,,,,,,,,,,,,,,,,,,,,,,,,,,,,,,,,,,,,,,,,,,,
dios,y,la,patria,están,contigo,,,,,,,,,,,,,,,,,,,,,,,,,,,,,,,,,,,,,,,,,,,,,,,,,,,,,,,,,,,,,,,
mafiosos,ladrones,corruptos,asesinos,vividores,,,,,,,,,,,,,,,,,,,,,,,,,,,,,,,,,,,,,,,,,,,,,,,,,,,,,,,,,,,,,,,,
fuerza,jp,,,,,,,,,,,,,,,,,,,,,,,,,,,,,,,,,,,,,,,,,,,,,,,,,,,,,,,,,,,,,,,,,,,
nuestro,futuro,vicepresidente,jp,,,,,,,,,,,,,,,,,,,,,,,,,,,,,,,,,,,,,,,,,,,,,,,,,,,,,,,,,,,,,,,,,
tuto,presidente,,,,,,,,,,,,,,,,,,,,,,,,,,,,,,,,,,,,,,,,,,,,,,,,,,,,,,,,,,,,,,,,,,,
tuto,presidente,,,,,,,,,,,,,,,,,,,,,,,,,,,,,,,,,,,,,,,,,,,,,,,,,,,,,,,,,,,,,,,,,,,
ellos,mandan,amenazar,y,luego,salen,las,víctimas,de,verdad,que,están,bien,rayados,los,tutistas,ya,no,saben,que,aser,porque,si,pierden,van,a,tener,que,escapar,como,ratas,por,el,daño,que,lo,están,asiendo,al,otro,partido,,,,,,,,,,,,,,,,,,,,,,,,,,,,
ese,parásito,debería,renunciar,su,candidatura,no,apto,para,autoridad,,,,,,,,,,,,,,,,,,,,,,,,,,,,,,,,,,,,,,,,,,,,,,,,,,,,,,,,,,,
tuto,presidente,digan,loq,digan,y,hagan,lo,q,hagan,no,tiemblen,de,miedo,,,,,,,,,,,,,,,,,,,,,,,,,,,,,,,,,,,,,,,,,,,,,,,,,,,,,,,
jp,es,otra,rata,mas,,,,,,,,,,,,,,,,,,,,,,,,,,,,,,,,,,,,,,,,,,,,,,,,,,,,,,,,,,,,,,,,
que,le,quieren,hacer,que,vaya,con,su,mami,,,,,,,,,,,,,,,,,,,,,,,,,,,,,,,,,,,,,,,,,,,,,,,,,,,,,,,,,,,,
red,uno,sin,vergenzas,,,,,,,,,,,,,,,,,,,,,,,,,,,,,,,,,,,,,,,,,,,,,,,,,,,,,,,,,,,,,,,,,
los,collas,son,los,más,racistas,,,,,,,,,,,,,,,,,,,,,,,,,,,,,,,,,,,,,,,,,,,,,,,,,,,,,,,,,,,,,,,
vamos,jp,santa,cruz,te,apoya,,,,,,,,,,,,,,,,,,,,,,,,,,,,,,,,,,,,,,,,,,,,,,,,,,,,,,,,,,,,,,,
jp,vicepresidente,decretado,esta,,,,,,,,,,,,,,,,,,,,,,,,,,,,,,,,,,,,,,,,,,,,,,,,,,,,,,,,,,,,,,,,,
voto,castigo,a,estos,delincuentes,de,la,derecha,,,,,,,,,,,,,,,,,,,,,,,,,,,,,,,,,,,,,,,,,,,,,,,,,,,,,,,,,,,,,
dejen,de,llorar,o,dar,pena,para,ganarse,votos,,,,,,,,,,,,,,,,,,,,,,,,,,,,,,,,,,,,,,,,,,,,,,,,,,,,,,,,,,,,
jpvice,presidente,,,,,,,,,,,,,,,,,,,,,,,,,,,,,,,,,,,,,,,,,,,,,,,,,,,,,,,,,,,,,,,,,,,
jp,vicepresidente,,,,,,,,,,,,,,,,,,,,,,,,,,,,,,,,,,,,,,,,,,,,,,,,,,,,,,,,,,,,,,,,,,,
tranquilos,está,gente,está,nerviosa,porque,van,a,perder,y,están,haciendo,guerra,sucia,no,haga,caso,j,p,ud,es,un,tipo,muy,educado,y,no,se,va,igualar,con,ellos,falta,muy,poco,para,la,victoria,siga,adelante,,,,,,,,,,,,,,,,,,,,,,,,,,,,,
fuerza,juan,pablo,los,socialistas,recurren,a,lo,más,bajo,cuando,se,ven,perdidos,pero,los,ciudadanos,de,bien,cremos,y,confiamos,en,ti,,,,,,,,,,,,,,,,,,,,,,,,,,,,,,,,,,,,,,,,,,,,,
racista,,,,,,,,,,,,,,,,,,,,,,,,,,,,,,,,,,,,,,,,,,,,,,,,,,,,,,,,,,,,,,,,,,,,
todo,el,apoyo,a,jp,,,,,,,,,,,,,,,,,,,,,,,,,,,,,,,,,,,,,,,,,,,,,,,,,,,,,,,,,,,,,,,,
cuidado,que,lo,secuestren,,,,,,,,,,,,,,,,,,,,,,,,,,,,,,,,,,,,,,,,,,,,,,,,,,,,,,,,,,,,,,,,,
jajaja,que,le,hicieron,ahora,al,hijo,de,papi,,,,,,,,,,,,,,,,,,,,,,,,,,,,,,,,,,,,,,,,,,,,,,,,,,,,,,,,,,,,
que,es,mas,grave,un,insulto,callejer,o,la,violacion,de,niñas,de,12,años,por,un,cato,de,coca,,,,,,,,,,,,,,,,,,,,,,,,,,,,,,,,,,,,,,,,,,,,,,,,,
acusalos,con,tu,papá,,,,,,,,,,,,,,,,,,,,,,,,,,,,,,,,,,,,,,,,,,,,,,,,,,,,,,,,,,,,,,,,,
ya,da,vergenza,esta,gente,quieren,vivir,como,en,cuba,y,venezuela,,,,,,,,,,,,,,,,,,,,,,,,,,,,,,,,,,,,,,,,,,,,,,,,,,,,,,,,,
no,les,haga,caso,a,estos,zurdos,corruptos,,,,,,,,,,,,,,,,,,,,,,,,,,,,,,,,,,,,,,,,,,,,,,,,,,,,,,,,,,,,,
los,únicos,racista,son,ustedes,dejen,su,maldad,y,su,envidia,,,,,,,,,,,,,,,,,,,,,,,,,,,,,,,,,,,,,,,,,,,,,,,,,,,,,,,,,,
los,comunistas,están,con,mucho,miedo,que,termine,su,reinado,de,20,años,de,comunismo,,,,,,,,,,,,,,,,,,,,,,,,,,,,,,,,,,,,,,,,,,,,,,,,,,,,,,
