comentario,Agresividad,Ofensa,IdeologÃ­a,Constructividad,EmpatÃ­a,DiÃ¡logo,Total,Catg
Paz Presidente,15,10,80,60,50,40,36.75,0.0
ESTE ES EL HERMANO DE EVO LARA ES EL HIJO,65,70,85,5,10,15,79.5,-1.0
Ni que estuvieras compitiendo con masista pues â€¦ hay que cuidarse de ustedes mÃ¡s bien porque estÃ¡n infiltrados de frente,70,65,90,10,15,20,78.5,-1.0
Tuto presidente,20,15,75,55,45,35,40.25,0.0
El mismo discurso de Evo Morales ğŸ˜’,45,40,80,25,20,30,61.25,0.0
Tuto presidente ğŸ‘†,25,20,70,50,40,30,43.75,0.0
Tuto presidente,20,15,75,55,45,35,40.25,0.0
Tuto presidente,20,15,75,55,45,35,40.25,0.0
Tuto presidente,20,15,75,55,45,35,40.25,0.0
Tuto Presidente vamos todos ğŸ’ª unidos ğŸ’ª con Tuto Presidente con inteligencia ğŸ‡¬ğŸ‡­ğŸ‡¬ğŸ‡­ğŸ‡¬ğŸ‡­ğŸ‡¬ğŸ‡­â¤ğŸ’›ğŸ’š,10,5,65,70,75,60,25.75,1.0
Los Fraudulentos estÃ¡n en el gobierno que le apoya a Paz. Por lo tanto si gana serÃ¡ con Fraude. TUTO PRESIDENTE VIVA BOLIVIA Lâ€¦ Ver mÃ¡s,75,70,85,5,10,15,82.0,-1.0
ESTE TIPO SI QUE ES MÃS SONSO QUE EL EVO,80,85,90,0,5,10,89.0,-1.0
Con tuto toda la vida,15,10,70,60,55,45,34.25,0.0
"Mr. Been boliviano, digo EspaÃ±ol.",50,55,60,20,15,25,64.5,0.0
La insentidumbre le ase dudosa su mismo pensamiento q el anterior gobernante del mÃ¡s lo mismo comentaba me quieren robar mi trâ€¦ Ver mÃ¡s,60,55,80,15,20,25,70.5,-1.0
Si gana rodrigo y lara es x que hubo fraude ya que su papa es el evo asi que debemos cuidar nuestros botos bien,70,65,85,10,15,20,77.75,-1.0
UÃ‘A gallo Presidente Paz Desarollo Con Bolivia para Bolivia y en Bolivia suerte nis cuates ay nos vemos el 19 juaaaaa,25,20,65,55,60,50,38.0,0.0
Totalmente!!! Claro que sÃ­ lo haremos!,30,25,70,50,55,45,43.0,0.0
Claro que sÃ­. Tuto .presidente .ğŸ‘ğŸ‘ğŸ’¯,20,15,75,55,50,40,39.25,0.0
Ahora dirÃ¡s que eso te dijo el pajarito ğŸ˜…ğŸ¤£,45,40,65,30,25,35,57.0,0.0
Nadie quiere un Presidente inepto,55,60,70,20,15,25,68.25,-1.0
Espero la gente sea inteligente y ko vote a este delincuente mentiroso corrupto,65,70,80,10,15,20,76.75,-1.0
El burro hablando de orejas,60,65,70,15,10,20,72.5,-1.0
Aparte de joderse 8 horas vigilando que todo marche bien. Pide que se queden mas tiempo por su capricho. Ã‰stos ya se dan por gâ€¦ Ver mÃ¡s,55,50,75,20,25,30,65.5,0.0
Como pues.si con los q pactaste siguen en el.poder,50,45,80,25,20,35,63.0,0.0
"Claro que si ganarÃ­an con fraude, no por su capacidad y habilidad de conocimiento.",65,60,85,15,20,25,73.5,-1.0
El ladrÃ³n cree que todos son de su condiciÃ³n!!,60,55,75,20,15,25,69.25,-1.0
Lacra inÃºtil incapaz,80,85,70,5,0,10,85.5,-1.0
RidÃ­culo. MÃ¡s bien hay que cuidarnos de ustedes,55,50,80,20,15,25,67.75,-1.0
Para que si ya negociaste con arce y el pdc ganarÃ¡ de igual forma envano la gente irÃ¡ a votar es pÃ©rdida de tiempo escuchar a este vende humo,60,55,85,15,20,25,71.25,-1.0
"Ustedes alineados al masismo podrÃ­an robar las elecciones, o el partido oficialista que gracias a Dios no participa, este dulcâ€¦ Ver mÃ¡s",65,60,90,10,15,20,76.25,-1.0
Se todos sabemos que los masistas harÃ¡n fraude. Para no ir se presos,55,50,85,20,25,30,67.0,-1.0
"Terrible! Una vergÃ¼enza total. CuÃ¡l peor entre #RodrigoPaz y #EdmanLara? Ellos, al estilo de Evo y Arce, ya estÃ¡n azuzando a lâ€¦ Ver mÃ¡s",70,65,90,10,15,20,78.5,-1.0
Hasta lo lloron ye estas copiando de tu jefe eres un estudiante adelantado seguro tienes un doctorado mejorando lo echo por â€¦ Ver mÃ¡s,60,55,75,20,15,25,69.25,-1.0
Me pregunto donde esta parado el GALLO menor ğŸ¤£ğŸ¤£ este BINOMIO se hizo ver tal cual son antes de la segunda vuelta no tienen ni â€¦ Ver mÃ¡s,55,50,80,25,20,30,65.75,0.0
Kiko presidente.,25,20,65,55,50,40,40.0,0.0
"El municipio de Viacha no es El Alto, solo esa aclaraciÃ³n",35,30,60,40,35,45,47.75,0.0
"Realmente Rodrigo Paz y Lara psicÃ³pata, TUTO PRESIDENTE J.P. Velasco Vicepresidente",70,75,85,5,10,15,81.75,-1.0
Propio MASISTA saliÃ³ este tipo..... Le tomo la palabra a este MASISTA y es verdad hay q cuidar el voto ya que ellos han estadoâ€¦ Ver mÃ¡s,65,60,90,15,20,25,74.25,-1.0
Voto inteligente Tuto Presidente,20,15,75,55,50,40,39.25,0.0
Rodrigo paz presidente belleza.,15,10,65,60,55,45,33.5,0.0
"Sin embargo ustedes harÃ¡n su mega fraude con el EVO, disimula mosca, se hacen los ANGELITOS",70,65,90,10,15,20,78.5,-1.0
Sin vergÃ¼enza,75,80,70,5,0,10,83.25,-1.0
"Este es mitÃ³mano e incapaz, da pena.",65,70,75,15,10,20,75.5,-1.0
"El Alto darÃ¡ la victoria y cuidarÃ¡ el voto orgÃ¡nico, consecuente y patriotico desde hoy hasta el mismo dÃ­a de la eleccion a laâ€¦ Ver mÃ¡s",30,25,70,50,55,45,43.0,0.0
Tuto presidente hastanla victoria!!!!!!!,25,20,75,55,50,40,41.5,0.0
Tuto presidente,20,15,75,55,45,35,40.25,0.0
Ya empezaron estos hijos de Evo a hablar evadas.,65,70,85,10,15,20,77.5,-1.0
DEJEN DE LLORAR .....PROPONEN COSAS ABSURDAS QUE NO PODRAN CUMPLIR ..... MENTIROSOS ESTAFADORES EMBAUCADORES ......LE MIENTEN ALA POBLACION ....,80,75,85,5,10,15,84.25,-1.0
Rodrigo paz presidente,15,10,65,60,55,45,33.5,0.0
Pobre traumado da pena ğŸ‘ğŸ‘ğŸ‘ğŸ‘,60,65,70,15,10,20,72.5,-1.0
Mr best a havlado payaso evacopa de tarija,70,75,65,10,5,15,78.25,-1.0
Ese era el discurso de los Masis ahora este le sigue el paso que mal ehhhğŸ¤¦â€â™€ï¸ğŸ¤¦â€â™€ï¸ğŸ¤¦â€â™€ï¸,55,50,80,25,20,30,65.75,0.0
Los Ãºnicos que hicieron fraude fue el MÃS estÃ¡ probado asÃ­ que si estÃ¡n haciendo ruido quieren hacer mucho OJO los Socialista!!!,60,55,90,20,25,30,70.0,-1.0
El Ãºnico que puede hacer fraude es Rodrigo y Lari por que estÃ¡n con los vistas mÃ¡s fraudulentos como ellos no hay jj,70,65,85,15,20,25,75.75,-1.0
Si por ahÃ­ nos roba los votos el PDC,55,50,80,25,20,30,65.75,0.0
Pueblo atentos al mega fraude que prepara tuto el boca edionda con los zÃ¡nganos de la OEA....todos a la calle y darles con todo a estos ladrones,85,80,90,5,10,15,87.25,-1.0
Cual grandes mayorias diras a los del MAS,50,45,85,25,20,35,63.75,0.0
"Van a perder (PDC) por falta de propuestas, guerra sucia, plan de gobierno escrito con chat GPT y especialmente por tener un vice psicÃ³pata.",65,70,80,15,20,25,74.75,-1.0
Si los ladrones son tus amigos y socios masistas.,60,65,85,15,20,25,73.25,-1.0
Se desconfÃ­a de ustedes. No de Tuto,45,40,75,30,25,35,58.5,0.0
No sabe lo que dice ese caballerito lari lara,55,60,70,20,15,25,68.25,-1.0
PDC =MAS,50,45,85,25,20,35,63.75,0.0
"Que discurso mÃ¡s barato ""grandes mayorÃ­as "" populista ridÃ­culo . Me da una gran pena por mi paÃ­s tener estos socialista izquiâ€¦ Ver mÃ¡s",65,60,85,20,15,25,73.0,-1.0
Los que roban los votos y hacen fraude son ustedes,70,65,85,15,20,25,75.75,-1.0
TUTO PRESIDENTE.,20,15,75,55,45,35,40.25,0.0
POR Q HABLA ASI SI ESTA SEGURO USTED A Q TEME SI DICE Q LE APOYAN LOS BOLIVIANOS PPR Q ALARMARSE NO ENTIENDO PREOCUPESE COMO â€¦ Ver mÃ¡s,40,35,70,35,30,40,53.5,0.0
"Nunca imaginÃ© que hubiera mÃ¡s asnos que los masistas , pero este tipo es de lo peor , con razÃ³n el evismo hace lo que quiere ,â€¦ Ver mÃ¡s",75,80,85,10,15,20,82.0,-1.0
Este tipo estÃ¡ peor q Lara ğŸ˜‚ğŸ˜‚ğŸ˜‚,55,60,70,20,15,25,68.25,-1.0
Sin duda mi voto es para capitÃ¡n Lara ğŸ—³ï¸,20,15,65,55,50,40,37.75,0.0
TUTO PRESIDENTE... ğŸ‡§ğŸ‡´,15,10,75,60,55,45,35.0,0.0
Jorge Quiroga RamÃ­rez.ğŸ‡§ğŸ‡´,20,15,70,55,50,40,38.5,0.0
tuto presidente,20,15,75,55,45,35,40.25,0.0
Tuto presidente,20,15,75,55,45,35,40.25,0.0
El mismo modos operante del MAS..,45,40,85,25,20,30,62.0,0.0
SOLO TUTO GANAREMOS,25,20,80,50,45,35,44.25,0.0
"Es claro que Rodrigo Paz se alio con el MAS porque su actuar, su falta de coherencia y propuestas son similares al anterior presidente Evo Morales",50,45,90,30,25,35,63.0,0.0
Que desesperado estÃ¡ este hombre El Gran Mentiroso,60,65,75,20,15,25,71.25,-1.0
Los masistas son expertos en hacer fraude.. claro que vamos a cuidar y vigilar el voto,45,40,85,30,35,40,58.5,0.0
TUTO PRESIDENTE â¤ï¸ğŸ’›ğŸ’š,15,10,75,60,55,45,35.0,0.0
"De ellos nos tenemos que cuidar, de ellos muy bien puede haber fraude, porque sus aliados, son los que ganaron siempre en baseâ€¦ Ver mÃ¡s",55,50,90,25,20,30,67.25,-1.0
Tuto presidente,20,15,75,55,45,35,40.25,0.0
Tuto presidente,20,15,75,55,45,35,40.25,0.0
SinvergÃ¼enza acaso no sabemos en. Manos de quien estÃ¡ el TSE?,70,75,80,15,10,20,78.5,-1.0
Para que vos no te robes el voto,60,65,75,20,15,25,71.25,-1.0
TUTO PRESIDENTE,20,15,75,55,45,35,40.25,0.0
Y a los que se queden a vigilar le vamos a dar un chicle para que se distraiga,45,40,70,30,25,35,57.75,0.0
Excelente hay que cuidar el voto por quÃ© los fraudulentos estÃ¡n camuflados en el PDC. Y van a querer hacer nuevamente fraude,50,45,85,30,35,40,60.75,0.0
Este es un Evo junior parece q Lara le a estado pegando para que el inÃºtil este hable asÃ­,70,75,80,15,10,20,78.5,-1.0
"Rodrigo PDC masistas delincuentes, ademÃ¡s de ser p'aspako, Demagogo, resultÃ³ ser tonto, los Ãºnicos que en Bolivia hacen fraudeâ€¦ Ver mÃ¡s",85,80,90,5,10,15,87.25,-1.0
"Cuanto la paga! No nos pagan al igual que usted, sin trabajar cobra! El tiempo es oro!",65,70,75,20,15,25,73.5,-1.0
Tuto presidente!!!!!!,20,15,75,55,45,35,40.25,0.0
"Los unicos ladrones, mentirosos son rodrigomas y larilara",75,80,85,10,15,20,82.0,-1.0
Tranquilo asÃ­ serÃ¡ le darÃ¡s su tunda a Kiko en las urnas y festejarÃ¡ con un cafecito y con chiclesito,40,35,70,35,30,40,53.5,0.0
este recibiÃ³ leche paterna para hablar tantas webadss,75,80,70,10,5,15,81.25,-1.0
Tuto presidente,20,15,75,55,45,35,40.25,0.0
Los Delincuentes son estos del Pdc y su mafia de Masistas. De esos hay q cuidar el Voto. Este Imbecil haciÃ©ndose la vÃ­ctima.,80,85,90,5,10,15,87.0,-1.0
Los fraudulentos son los del pdc,55,50,85,25,20,30,66.5,-1.0
SerÃ­a el colmo si este personaje gana,50,55,75,25,20,30,64.75,0.0
Tuto presidente,20,15,75,55,45,35,40.25,0.0
"Igualito al Evofilo, no permite que le hagan preguntas que no sabe responder...",60,55,80,20,15,25,70.0,-1.0
"EstÃ¡ pidiendo que les pasen las preguntas, para estudiarlas y poder responderlas!! ğŸ¤£ğŸ¤£",50,45,75,25,20,30,62.75,0.0
Esto se llama cobardÃ­a ğŸ˜…ğŸ˜…ğŸ˜…,55,60,70,20,15,25,68.25,-1.0
Y si no se concede tu capricho???? No habrÃ¡ debate????,60,55,75,25,20,30,67.25,-1.0
El q esta preparado no tiene miedo a nada,35,30,65,40,35,45,48.5,0.0
Cuando una persona no es preparada intelectualmente es normal que evite enfrentar un debate por ejemplo.,40,35,70,35,30,40,53.5,0.0
"Con moderadores vendidos como Jimena Antelo y Pumacusi, quien es el para colocar sus condiciones",70,65,85,15,20,25,75.75,-1.0
No tiene capacidad de debatir con argumento y propuesta. AsÃ­ se escapan cuando saben que van a ridiculizarlos en pÃºblico .,55,50,80,25,20,30,65.75,0.0
CÃ³mo todo capibara le da miedo debatir,65,70,75,15,10,20,75.5,-1.0
Va llorar.... Va llorar... Va llorar... Va llorar...,60,65,70,10,5,15,74.5,-1.0
"En otras palabras, tiene miedo",45,40,75,30,25,35,58.5,0.0
Tiene miedo,40,35,70,35,30,40,53.5,0.0
Se orino,65,70,65,15,10,20,74.0,-1.0
Claro q si Evo junior ğŸ‘ğŸ¾,55,60,85,20,15,25,70.5,-1.0
Tiene miedo el OPA,60,65,75,15,10,20,73.25,-1.0
"El debate del TSE debe ser obligatorio, la asistencia de los candidatos es impresindible ğŸ¤· o como vamos a conocer sus propuâ€¦ Ver mÃ¡s",30,25,65,55,50,45,41.75,0.0
"Solo puede hablar cuando estÃ¡ con sus tutores Evo, Moldiz, Linera, ChÃ¡vez, Quintana, Romero, Torrico HÃ©ctor Arce, Loza, porqueâ€¦ Ver mÃ¡s",70,65,90,15,20,25,76.5,-1.0
ASESORADO POR EL PEDOF,75,80,85,5,10,15,84.0,-1.0
Quiere que HolguÃ­n sea el Moderador,45,40,75,30,25,35,58.5,0.0
Pispis,60,65,70,15,10,20,72.5,-1.0
"Plurales como los movimientos sociales y bartolinas, moderadores de buen corazÃ³n y que no sean profesionales para que haya de-â€¦ Ver mÃ¡s",50,45,80,25,20,30,63.5,0.0
"Puede ser una imagen de texto que dice """"LlegarÃ¡ el dÃ­a en que la inteligencia serÃ¡ despreciada yy la estupidez serÃ¡ adorada.' Saramago.""",35,30,65,40,35,45,48.5,0.0
Es normal esa peticiÃ³n de alguien que no sabe donde estÃ¡ parado y no tiene un mÃ­nimo de conocimiento de cifras macro/micro ecoâ€¦ Ver mÃ¡s,45,40,75,30,25,35,58.5,0.0
Tuto Presidente de Bolivia para salvarnos de Ã©ste problema econÃ³mico que nos dejan los del mÃ¡s,25,20,80,50,45,35,44.25,0.0
Opa,55,60,70,20,15,25,68.25,-1.0
Es un verdadero opa!!!,65,70,75,15,10,20,75.5,-1.0
No quedrÃ¡ que el debate sea en su casa y que le den antes todas las preguntas y que su esposa pegue a todo aquel que hable conâ€¦ Ver mÃ¡s,60,55,75,20,15,25,69.25,-1.0
Del que menos se piensa se espera mucho,30,25,65,45,40,50,44.25,0.0
Es la repeticiÃ³n de Evo. Lo peor es que aÃºn hay gente ignorante que votarÃ¡ por Ã©l.,55,50,85,25,20,30,66.5,-1.0
Mas claro que no lo harÃ¡,40,35,75,35,30,40,54.25,0.0
Se cree tan importante ese zonso,60,65,70,15,10,20,72.5,-1.0
Hay hay edman lara..,50,55,75,25,20,30,64.75,0.0
Osea si le hacen una pregunta sobre como sacarÃ¡ a bolivia de las Crisis y no puede responder tienen que hacer otra mÃ¡s fÃ¡cil pâ€¦ Ver mÃ¡s,45,40,80,30,25,35,59.25,0.0
Q se cree este tipo opa,60,65,75,15,10,20,73.25,-1.0
que se haga un debate de verdad con condiciones iguales y sin favoritismos,35,30,65,55,50,45,44.0,0.0
Tiene miedo tiene miedo ğŸ˜‚ğŸ˜‚,50,55,70,20,15,25,66.0,0.0
tienen razÃ³n al decir que es un KEWA.,60,65,75,15,10,20,73.25,-1.0
Jajajajaj no ira de seguro achacara a la prensa que se organizara con la oposicion para sacarle las preguntas,55,50,80,20,15,25,67.75,-1.0
Pobre Opa se le subiÃ³ los humos.,60,65,70,15,10,20,72.5,-1.0
Ya no sabe quÃ© inventar para salir del paso....es que para debatir hay que saber...y este pobre nada de nada mÃ¡s que chismes,55,50,80,25,20,30,65.75,0.0
Mientras mÃ¡s arrogante... MÃ¡s demuestra la clase de gente que es....,50,45,75,30,25,35,60.75,0.0
Con ese bono de 2000 trabajarÃ© para los muchachos de PDC darÃ© dos o mÃ¡s obras mÃ­as,40,35,70,35,30,40,53.5,0.0
Payaso ğŸ¤¡ ğŸ¤¡,65,70,65,10,5,15,76.0,-1.0
"Este estÃ¡ bien amaestrado por el Narcopedofilo, quiere saber las preguntas con anticipaciÃ³n para que estudie ğŸ¤£ğŸ¤£ğŸ¤£ğŸ¤£",75,80,85,5,10,15,84.0,-1.0
Solo mierdazos y carajazos salen de su boca de este tipo despuÃ©s para debatir ideas en un debate no le hace,80,85,75,5,0,10,86.25,-1.0
"Pobre ignorante, como se nos ocurre considerar candidatos con este nivel de ignorancia, por eso estamos como estamos, este homâ€¦ Ver mÃ¡s",60,55,80,25,20,30,68.0,-1.0
Este Lara en la primera vuelta igual le ha pedido a JP debatir en el mercado y no fue porque es un cobarde ğŸ˜¡ğŸ˜¡ğŸ˜¡ mentiroso ğŸ˜¡ğŸ˜¡ğŸ˜¡ ignorante ğŸ˜¡ğŸ˜¡ğŸ˜¡,70,75,80,15,10,20,78.5,-1.0
Ya se estÃ¡ corriendo con mariconadas no vale,65,70,70,10,5,15,76.75,-1.0
Este opa que cree para poner condiciones Paco desertÃ³r desquiciado,75,80,75,10,5,15,82.0,-1.0
No tiene pantalones este lari,60,65,75,15,10,20,73.25,-1.0
este desubicado de la realidad del pais que va a poder debatir,55,50,80,25,20,30,65.75,0.0
"Este pobre hombre, quiere que los moderadores sean de las organizaciones sociales o sea con los que son mÃ¡s ignorantes y racistas que el.",65,70,85,20,15,25,75.0,-1.0
El que Nada tiene nada teme.,35,30,70,40,35,45,49.25,0.0
Burro ya quiere correrse,60,65,70,15,10,20,72.5,-1.0
Maricueca ğŸ˜’ğŸ˜’ğŸ˜’ğŸ˜’,70,75,65,10,5,15,78.25,-1.0
OPA...,55,60,70,20,15,25,68.25,-1.0
Este si quiere hacer lo q el quiere andate Ã  la M,65,70,75,15,10,20,75.5,-1.0
Debate con la GALINDO eso serÃ­a lo correcto para ambos. de cara al pueblo.,40,35,70,35,30,40,53.5,0.0
Plural ???,45,40,75,30,25,35,58.5,0.0
Sos un pobre Asnorante igual que ti tio el evaristo.,70,75,85,10,15,20,79.75,-1.0
1000 a un ğŸŒ podrido que no va,60,65,70,15,10,20,72.5,-1.0
* asÃ­ estÃ¡ Lara,50,55,75,25,20,30,64.75,0.0
"Tranquilo Gato - Kewa, llorÃ³n, aunque transmitan el debate en todâ€¦ Ver mÃ¡s",55,50,80,20,15,25,67.75,-1.0
Bien capitÃ¡n LARA,20,15,65,55,50,40,37.75,0.0
Y el miedo?? Para debatir es con cerebro,45,40,75,30,25,35,58.5,0.0
"Ya nadie quiere verte debatir, SOS muy OPA.",60,65,75,15,10,20,73.25,-1.0
Ya se fumo este tipo,55,60,70,15,10,20,70.25,-1.0
Q te creerÃ¡s anda manda a tu casa,65,70,75,10,5,15,77.5,-1.0
"""Quiero al Pumacuchi y a la Antelo ğŸ˜­"", exclamÃ³ el 0pa ğŸ¥´ğŸ«°ğŸ»ğŸ’¸",60,65,70,15,10,20,72.5,-1.0
Con razÃ³n le dieron baja tremendo maraco habÃ­a sido,70,75,70,10,5,15,79.0,-1.0
No le entra una aguja a esa argolla ğŸ‘ ğŸª¡,65,70,65,10,5,15,76.0,-1.0
Si un tipo que aspira gobernar el.pais condidera que dÃ©batir en santa cruz o que existen terrenos y personas hostiles ...algo â€¦ Ver mÃ¡s,45,40,80,30,25,35,59.25,0.0
"No tiene condiciones, no le da el Tari.. propuso un debate en el Abasto, tampoco quiso ir. Nunca firmo el pacto de no Guerra sâ€¦ Ver mÃ¡s",55,50,85,25,20,30,66.5,-1.0
"LA SEGUNDA VUELTA GANAREMOS CON EL 65 %,SOMOS-NUIL-NUEVAS IDEAS CON LIBERTAD,NUESTRA LUCHA ES CONTRA TODOS LOS CORRUPTOS,JUECEâ€¦ Ver mÃ¡s",35,30,80,45,40,50,48.75,0.0
"Quiere debatir con moderadores plurinacionales masistas, para armar la farza, como lo han hecho siempre.",60,55,90,20,15,25,71.5,-1.0
Y q mas desea su corazon?...si alguien le hace una pregunta en la calle acaso va a pedir responder en un lugar cÃ³modo para Ã©l?â€¦ Ver mÃ¡s,50,45,75,30,25,35,60.75,0.0
A este paquito no le da para debatir de polÃ­tica no va asistir. Lo Ãºnico q save es sacar multa y estorcionar a la gente para eso es bueno este ğŸ¤¡,65,70,80,15,10,20,76.25,-1.0
"Tiene miedo ir a debates, porque es preso de sus promesas, ademÃ¡s de las mÃºltiples denuncias de corrupciÃ³n en su contra.",55,50,85,25,20,30,66.5,-1.0
Q el moderador del debate sea El seÃ±or Jhon.Arandia por q secilia y la de seÃ±ora de unitel se in clinan a fabor de tuto eso seâ€¦ Ver mÃ¡s,40,35,75,35,30,40,54.25,0.0
Jejeje,45,40,70,25,20,30,59.75,0.0
Gallina....pedazo de masista,70,75,85,10,15,20,79.75,-1.0
Maria Galindo que sea la Moderadora en Cochabamba,35,30,70,40,35,45,49.25,0.0
Ni vba ir estte kewa lloron,60,65,75,15,10,20,73.25,-1.0
"Porque le dan tanta atenciÃ³n si no quiere allÃ¡ el, creo que a esta altura ya saben los bolivianos por quien votar ğŸ—³ï¸por lo misâ€¦ Ver mÃ¡s",40,35,75,35,30,40,54.25,0.0
EstÃ¡ buscando pretextos para no debatir era lÃ³gico no tiene preparaciÃ³n sea valiente y de la cara que miedo hay si los moderadâ€¦ Ver mÃ¡s,45,40,80,30,25,35,59.25,0.0
Tiene miedo ğŸ˜‚ ğŸ¤£ ğŸ˜‚ ğŸ¤£ ğŸ˜‚,50,55,70,20,15,25,66.0,0.0
En el chapare quiere debatir.,45,40,85,30,25,35,60.0,0.0
El debate que tiene que ver con elecciones. Acaso el pueblo pede debate. Los polÃ­ticos corruptos estÃ¡n poniendo costumbre. Bolâ€¦ Ver mÃ¡s,35,30,75,40,35,45,50.0,0.0
Opa chistoso ğŸ¤£ğŸ¤£,50,55,70,20,15,25,66.0,0.0
"Que podria debatir este que te importa? Ni con su conyuge iletrada e ignorante, no debe tener ni de quÃ© hablar. Proferir amenaâ€¦ Ver mÃ¡s",65,70,80,15,10,20,76.25,-1.0
Anda a debatir con los laris del Mas tus eres uno y peor que ellos,70,75,85,10,15,20,79.75,-1.0
"Que va ir pues el opa si no sabe que decir, no sabe ni dÃ³nde estÃ¡ parado, por eso pone excusas, si no sabe nada el imbesil, saâ€¦ Ver mÃ¡s",65,70,80,15,10,20,76.25,-1.0
Fuerza Lara,20,15,65,55,50,40,37.75,0.0
AsÃ­ quiere manejar un paÃ­s Dios nos libre de este personaje,55,50,80,25,20,30,65.75,0.0
Galindo es la moderadora del debate ğŸ¤£ğŸ¤£,45,40,70,30,25,35,57.75,0.0
"Pero si no queria en el mercado sin nadie q le diga nada, muy idiota el tipo, cae mal ğŸ˜–",60,65,75,20,15,25,71.25,-1.0
Opa,55,60,70,20,15,25,68.25,-1.0
Miedo y cobardÃ­a,50,55,75,25,20,30,64.75,0.0
Y este ??ahora quiere en otro lugar.cree que los T.S.E.estan a su mando para celebrar donde a Ã©l le de su regalada gana??,55,50,80,25,20,30,65.75,0.0
Que va debatir mas sabe un burro de freno que este administrar un pais,60,65,75,20,15,25,71.25,-1.0
"Tuto, mucho mÃ¡s visionario con respecto al desarrollo de las regiones del paÃ­s; conoce a fondo las potencialidades de cada regâ€¦ Ver mÃ¡s",25,20,80,55,50,45,41.75,0.0
Tuto presidente.âœ…,15,10,75,60,55,45,35.0,0.0
Miraron la astilla en ojo ajeno y no la viga que tienen en su flia.,45,40,70,30,25,35,57.75,0.0
Tiene miedo ğŸ˜,40,35,70,35,30,40,53.5,0.0
Parece que se enojÃ³ğŸ¤£ğŸ¤£,35,30,65,40,35,45,48.5,0.0
Bien ğŸ‘Œ asÃ­ se habla !!! Ovio Tuto siempre preparado eso nadie se lo quita !!!,20,15,75,55,50,40,39.25,0.0
Tuto Presidente,15,10,75,60,55,45,35.0,0.0
Lara lo arruinÃ³ a Rodrigo ğŸ˜… como siempre ğŸ˜ƒğŸ˜ƒ,40,35,70,35,30,40,53.5,0.0
VOTO INTELIGENTE TUTO PRESIDENTE ğŸ‡§ğŸ‡´ğŸ‘ğŸ½ğŸ™,20,15,80,55,50,45,39.5,0.0
Bien seÃ±or tuto presidente bendiciones,15,10,75,60,55,45,35.0,0.0
Tuto Presidente,15,10,75,60,55,45,35.0,0.0
Como puede comparar algo de 30 aÃ±os atrÃ¡s donde el mismo fue gobierno con algo q paso reciÃ©n,35,30,70,40,35,45,49.25,0.0
Grave la denuncia pero si esta ejecutoriado quiere decir que fue totalmente real y q el suegro escape este aÃ±o aprincipios lo â€¦ Ver mÃ¡s,40,35,75,35,30,40,54.25,0.0
Bien Tuto!,20,15,75,55,50,40,39.25,0.0
"Nuestro SeÃ±or Jesucristo nos enseÃ±Ã³: ""el que no tiene pecado, tire la piedra"". Â¡CuÃ¡nta verdad hay en estas palabras! Las piedrâ€¦ Ver mÃ¡s",25,20,65,50,55,50,39.5,0.0
ESSSSO MI FUTURO PRÃ‰SIDENTE TUTO QUIROGA Y JUAN PABLO VELASCO ğŸ’ªğŸ’ª,20,15,80,55,50,45,39.5,0.0
RODRIGO PAZ PRESIDENTE ğŸ’ªğŸ’ªğŸ’ªğŸ‡§ğŸ‡´ ğŸ‡§ğŸ‡´ğŸ‡§ğŸ‡´,20,15,65,55,50,40,37.75,0.0
Muy bien dicho seÃ±or Jorge Quiroga yo creo que mucha gente me incluyo nos dimos cuenta al ver el debate que ese par del PDC â€¦ Ver mÃ¡s,25,20,75,50,45,40,43.0,0.0
Tuto Presidente,15,10,75,60,55,45,35.0,0.0
Esooooo bien Tuto,20,15,75,55,50,40,39.25,0.0
TUTO PRESIDENTE,15,10,75,60,55,45,35.0,0.0
Tuto Presidente,15,10,75,60,55,45,35.0,0.0
La desesperaciÃ³n le esta torturando,40,35,70,35,30,40,53.5,0.0
Bien dicho,25,20,70,50,45,40,42.25,0.0
PAZ PRESIDENTE,15,10,65,60,55,45,33.5,0.0
Vamos tuto presidente de Bolivia ğŸ‡§ğŸ‡´ğŸ‡§ğŸ‡´ğŸ‡§ğŸ‡´ğŸ’ªğŸ’ªğŸ™ğŸ™ğŸ‘ğŸ‘,15,10,75,60,55,45,35.0,0.0
Bien tiraooooo,25,20,75,50,45,40,43.0,0.0
VAMOS BOLIVIAAAA CON TUTO PRESIDENTE.,20,15,80,55,50,45,39.5,0.0
Tuto presidente ğŸ‡¬ğŸ‡­ğŸ‡¬ğŸ‡­ğŸ‡¬ğŸ‡­ğŸ‡¬ğŸ‡­,15,10,75,60,55,45,35.0,0.0
Tuto en su maxima expresion de nerviosismo,35,30,70,40,35,45,49.25,0.0
"""El que este libre de culpa, que tire la primera piedra"". Lara, escuchÃ³ mal, y empezÃ³ a apedrear a JPğŸ˜‰ğŸ˜†ğŸ˜…Ã‰l que dice lo que quiâ€¦ Ver mÃ¡s",30,25,70,45,40,40,46.0,0.0
A este paso hasta Lara va votar por tuto,35,30,75,40,35,45,50.0,0.0
Bien ğŸ‘ Tuto presidente ..,20,15,75,55,50,40,39.25,0.0
Tuto presidente,15,10,75,60,55,45,35.0,0.0
Bien Tuto. Esa es la actitud,25,20,75,50,45,40,43.0,0.0
"Parece que el domingo 19, en lugâ€¦ Ver mÃ¡s",30,25,70,45,40,45,45.5,0.0
Todos los que Dicen Tuto presidente ...hÃ¡ganse un hijo y vayanse del paÃ­s... Cuando uno es exitoso ... Es exitoso en todo el mâ€¦ Ver mÃ¡s,55,50,75,25,20,30,65.0,0.0
Kikin se descontrolÃ³,40,35,70,35,30,40,53.5,0.0
Es un sinvergÃ¼enza todavÃ­a quiere debatir q vaya a debatir a los estados unidos aparte q baya a debatir con evo por q le ayudo a escapar del paiz,65,70,80,15,10,20,76.25,-1.0
Si que estÃ¡ desesperado por gobernar este corrupto,60,65,75,20,15,25,71.25,-1.0
Por culpa de paco todo esto va pasar Lara chismoso,55,60,75,25,20,30,67.0,-1.0
"Bien dicho Tuto, ahora salÃ­ Rodrigo MÃ¡s ofendido claro no le gusto que le digan la verdad de su entorno.",35,30,75,40,35,40,50.5,0.0
Su vicepresidente que debata sobre Bancos quebrados que en eso debe ser un master,40,35,70,35,30,40,53.5,0.0
Espera el 19 DE OCTUBRE Y LUEGO TE VAS A EE UU,50,55,75,25,20,30,64.75,0.0
"Â¡Exacto! Ese Lari infeliz viene con papelitos en pleno debate, lo cual fue la estrategia de estos para bajonear a JP, pero cuaâ€¦ Ver mÃ¡s",45,40,75,35,30,40,56.5,0.0
Este sr Tuto QUIROGA esta involucrado con el Banco Fassil JPVelasco le pago a Tuto para ser candidato y tapar todo el desfalcâ€¦ Ver mÃ¡s,60,55,80,20,15,25,70.0,-1.0
"No quiere , ninguno suda agua bendita y el payaso de Lara comienza a hablar , bueno tâ€¦ Ver mÃ¡s",50,55,70,25,20,30,64.0,0.0
Tuto tu mente de 30 aÃ±os estaba en silencio acaso o eres cÃ³mplice solo dices cuanto te conviene,45,40,75,30,25,35,58.5,0.0
Que sinvergÃ¼enza.,55,60,70,20,15,25,68.25,-1.0
"Bien tirado! Ahora saliÃ³ llorando haciÃ©ndose la vÃ­ctima el Rodrigo Paz. Y no solo hablar de su suegro, sino del narco de su padre!",40,35,75,35,30,40,54.25,0.0
Bienn Tuto ! Tienen que entender que se debe debatir con altura ! Sin agresiones ! Propuestas para un futuro mejor ! No insultâ€¦ Ver mÃ¡s,25,20,70,55,50,45,40.25,0.0
Tuto presidente..,15,10,75,60,55,45,35.0,0.0
Tuto Presidente,15,10,75,60,55,45,35.0,0.0
"El maleante de Lara empezÃ³ con la guerra sucia hace mucho tiempo, por eso ni quiso firmar el compromiso entonces ahora que aguâ€¦ Ver mÃ¡s",50,55,80,25,20,30,65.5,0.0
Well Done Clapping GIF by MOODMAN,20,15,70,50,45,40,40.0,0.0
Sin duda TUTO presidente,20,15,75,55,50,40,39.25,0.0
Tuto presidente â¤ï¸ ğŸ’› ğŸ’š,15,10,75,60,55,45,35.0,0.0
TUTO presidente ğŸ’ªğŸ‘,15,10,75,60,55,45,35.0,0.0
"Bien dicho, ğŸ‘Œ",25,20,70,50,45,40,42.25,0.0
TUTO PRESIDENTE DE NUESTRA AMADA BOLIVIA ğŸ’¯ğŸ’ª,20,15,80,55,50,45,39.5,0.0
"Se nota que defiende la corrupciÃ³n e injusticia de su amiguito, sin que le importe los perjudicados, hasta ilÃ³gico que luego dâ€¦ Ver mÃ¡s",45,40,75,30,25,35,58.5,0.0
Corrupto .....,60,65,70,15,10,20,72.5,-1.0
Bien dicho,25,20,70,50,45,40,42.25,0.0
Tuto no sirves ni como quiso ni como payaso,55,60,70,20,15,25,68.25,-1.0
Que desastre los dos candidatos.,40,35,65,35,30,40,52.75,0.0
Bien carjo.. .quieren gerra la van a tener ratas del PDC,65,70,80,15,10,20,76.25,-1.0
"Toto vende patria corrupto todos saben tu historia de antes quien BA votar por usted,( mi voto por Lara por la corrupciÃ³n)",60,65,75,20,15,25,71.25,-1.0
Que rata sin vergÃ¼enzas,65,70,70,15,10,20,74.75,-1.0
Bien Tuto! ğŸ‘ğŸ‘ğŸ‘ğŸ‡§ğŸ‡´,20,15,75,55,50,40,39.25,0.0
Hijo de banzer y goni,70,75,80,10,15,20,79.0,-1.0
Tuto presidente ğŸ‡§ğŸ‡´ğŸ‡§ğŸ‡´ğŸ‡§ğŸ‡´,15,10,75,60,55,45,35.0,0.0
Tuto presidente ğŸ‡§ğŸ‡´ğŸ‡§ğŸ‡´ğŸ‡§ğŸ‡´,15,10,75,60,55,45,35.0,0.0
Vamos Tuto tanto q jodÃ­a el OPA ahora q aguanten,45,40,75,30,25,35,58.5,0.0
Tuto Quiroga Adelante felicidades!!,20,15,75,55,50,40,39.25,0.0
No le entren a la guerras sucias a los masi,30,25,70,45,40,45,45.5,0.0
CERO COEFICIENTE.. â€¦ Ver mÃ¡s,40,35,70,35,30,40,53.5,0.0
Muy BIEN TUTO A NO DEJARSE CON ESTE POLLO FRESCO.,35,30,75,40,35,40,50.5,0.0
Si votamos por tuto lo que nos espera como argentina serÃ¡ una tristeza pienses antes de votar,45,40,75,35,30,40,56.5,0.0
Este payaso habla como solucionaran los problemas que ahÃ­ en el paÃ­s no sean sin vergÃ¼enzas,55,60,75,25,20,30,67.0,-1.0
Vamos tuto presidente.,15,10,75,60,55,45,35.0,0.0
â¤ï¸â€¦ Ver mÃ¡s,15,10,70,55,50,45,35.75,0.0
Tuto presidente de ğŸ‡§ğŸ‡´,15,10,75,60,55,45,35.0,0.0
Muy bien dicho ğŸ‘Œ,25,20,70,50,45,40,42.25,0.0
Tuto presidente de ğŸ‡§ğŸ‡´,15,10,75,60,55,45,35.0,0.0
Mejor que se debata de racismo,35,30,65,45,40,45,47.0,0.0
Al menos Tuto no es un mascachicle,40,35,70,35,30,40,53.5,0.0
Tuto presidente,15,10,75,60,55,45,35.0,0.0
Tuto presidente ğŸ™,15,10,75,60,55,45,35.0,0.0
Esto es el plan del La Izquierda dominante. ...y es manipulado desde el Chapare junto al TSE y asÃ­ para que no existan eleccioâ€¦ Ver mÃ¡s,45,40,85,30,25,35,60.0,0.0
Mi presi,15,10,70,55,50,45,35.75,0.0
Rodrigo poresidente,15,10,65,60,55,45,33.5,0.0
!!! TUTO PRESIDENTE !!! EL UNICO.,20,15,75,55,50,40,39.25,0.0
"Ahora es tan sencillo, pero tuto el 19 el pueblo te darÃ¡ esa bkfetada quÃ© necesitas, para definitivamente dejar la polÃ­tica y â€¦ Ver mÃ¡s",55,60,75,25,20,30,67.0,-1.0
Hablemos de las irregularidades del banco central ğŸ˜ª,35,30,70,40,35,45,49.25,0.0
Kiko tranquilo Ud. Con la educaciÃ³n y paciencia que tiene de una tiene aclarar la â€¦ Ver mÃ¡s,30,25,70,45,40,45,45.5,0.0
Tuto presidente,15,10,75,60,55,45,35.0,0.0
TUTO PRESIDENTE,15,10,75,60,55,45,35.0,0.0
Esooo!!!! El que dice lo que quiere escucha lo que no quiere,35,30,70,40,35,45,49.25,0.0
En este momento no interesa quien tiene mÃ¡s larga la cola. El Ãºnico que nos puede sacar de esta maldita crisis es Tuto,40,35,80,35,30,40,55.0,0.0
"Gran Persona seÃ±or Tuto Quiroga ğŸ‘ğŸ»ğŸ‘ğŸ»ğŸ‘ğŸ»ğŸ‘ğŸ»ğŸ‘ğŸ»ğŸ‘ğŸ»ğŸ‘ğŸ»ğŸ‘ğŸ» lastimosamente Bolivia escogiÃ³ su propia inestabilidad, el dÃ³lar ğŸ’² sigue subiâ€¦ Ver mÃ¡s",25,20,80,50,65,45,41.25,0.0
"Que hermosas palabras querido Tuto tu don de persona buena, siempre nos reconforta, y nos enorgullece, muchas gracias por pâ€¦ Ver mÃ¡s",15,10,75,55,80,50,33.0,1.0
"TUTO USTED HIZO LO MEJOR QUE PUDO PARA CAMBIAR BOLIVIA. SIENTA PENA POR LA GENTE IGNORANTE QUE SE DEJO CONVENCER POR UNOS BONOâ€¦ Ver mÃ¡s""",35,40,85,40,55,35,52.5,0.0
"Ahora nos toca exigir, exigir, exigir y exigir lo que prometieron ...!!TUTO GRACIAS!!",30,25,80,45,60,40,45.5,0.0
TambiÃ©n nuestro corazÃ³n amado Tuto eras nuestra salvaciÃ³n â¤ï¸ğŸ’™ğŸ¤ğŸ˜­ğŸ˜­,20,15,75,40,75,45,39.25,0.0
"Mis respetos sr. Tuto, tuvo muchas ideas para salvar a nuestro PaÃ­s, siga delante",20,15,80,50,65,50,38.5,0.0
"Jesucristo es el Ãºnico que salva, nos toca trabajar todos juntos y seremos bendecidos eso lo afirmÃ³ con seguridad, a Dios oranâ€¦ Ver mÃ¡s",15,10,70,55,70,55,32.75,1.0
De muchos Tuto ğŸ¤§,20,15,75,45,70,40,39.25,0.0
De todos los Bolivianos pensantes q queremos esta patria ğŸ˜¢,25,20,80,40,65,45,43.25,0.0
"Las personas que realmente pensaron en un paÃ­s libre y con futuro para nuestros hijos y para nuestros padres votamos por tutoâ€¦ Ver mÃ¡s""",25,20,85,45,60,40,44.0,0.0
"Â¡Gracias, Tuto! Te seguirÃ© votando una y mil veces. ğŸ«¡ğŸ‡§ğŸ‡´",15,10,80,50,70,45,36.25,0.0
"Paciencia seÃ±or Quiroga, UD, era nuestra esperanza pero ganÃ³ la maldad disfrazada",30,35,85,35,55,35,51.25,0.0
"De mi tambiÃ©n, eras nuestra Ãºnica esperanza ğŸ˜”ğŸ˜”ğŸ˜”",20,15,80,40,75,40,40.5,0.0
"Mi respecto para usted mi estimado tuto y q hermosa palabras tÃº eres una buena persona me enorgullece felicitarte X pensar sâ€¦ Ver mÃ¡s""",15,10,75,50,75,50,34.5,0.0
"QUERIDO TUTO TE HEMOS DEFRAUDADO Y NOS HEMOS DEFRAUDADO, NO SUPIMOS APROVECHAR TODO LO BUENO QUE PODIAMOS HABER LOGRADO CONTIGâ€¦ Ver mÃ¡s",25,20,85,45,65,40,43.5,0.0
"TODO UN CABALLERO, MERECÃA SER NUESTRO PRESIDENTE, DIOS LO PROTEJA A USTED Y TODA SU FAMILIA",15,10,80,50,75,45,35.75,0.0
"Excelente persona ğŸ‘ con valores humanos ğŸ‘ eso lo mÃ¡s importante, cosas malas siempre pasan para bien, sÃ³lo confiar plenamente â€¦ Ver mÃ¡s",20,15,75,55,70,50,36.25,0.0
"Ud pudo cambiar el sistema en nuestro paÃ­s tuto Quiroga,pero los corruptos siempre estÃ¡n de por Medio, se dejan comprar por unâ€¦ Ver mÃ¡s",30,35,85,40,55,35,50.25,0.0
Las versiones del MAS son infinitas como las matrioskas,35,30,85,35,40,30,53.5,0.0
GanÃ³ la democracia..este es un entreguistas profesional.,40,45,80,25,30,25,60.5,0.0
"Lo dirÃ©: â€œ UN HOMBRE PREPARADO,CULTO , TENÃA BUENAS PROPUESTAS perdiÃ³ la batalla por culpa de su VICEPRESIDENTE â€¦ tenemos arraâ€¦ Ver mÃ¡s",30,25,85,45,55,40,46.75,0.0
De todos los que te hemos apoyado querido Tuto.,15,10,75,50,75,45,35.0,0.0
"Excelente expresidente con mucha sabiduria, experiencia y todo un caballero.",15,10,80,55,70,50,34.75,0.0
"Tuto, gracias ğŸ™ por todo el valor, fuerza, dedicaciÃ³n y amor por nuestro paÃ­s. AsÃ­ como tÃº , muchos Bolivianos no podemos creâ€¦ Ver mÃ¡s",20,15,85,50,65,45,39.75,0.0
"De muchos TUTO, hubo fraude no podemos permitirlo",35,30,85,40,50,35,51.0,0.0
"No perdiÃ³ usted seÃ±or Quiroga perdiÃ³ nuestra amada Bolivia.ğŸ‡§ğŸ‡´ cuando estemos en el piso reciÃ©n despertarÃ¡n ahora a sufrir lasâ€¦ Ver mÃ¡s""",40,35,85,35,45,30,55.25,0.0
Mi corazÃ³n estÃ¡ partido en mil pedazos cinco aÃ±os de hambre,25,20,80,30,70,35,45.75,0.0
"Era nuestra Ãºltima oportunidad para sacar al Socialismo tirano ,sitiador ,â€¦ Ver mÃ¡s",35,30,90,35,50,30,53.25,0.0
"Lloro de impotencia y rabia, el 54% de nuestro paÃ­s vive sumida en la ignorancia y no quiere cambiar, le gusta vivir siendo vÃ­â€¦ Ver mÃ¡s",45,50,85,30,40,25,61.5,0.0
"Puede ser una imagen de texto que dice ""9:26 < Personas que reaccionaron S 5 955 664 196 77 7 Mary Luz Zc Armando Cruz Vanessa Flores Juan David Condori Arias Gonzales Isabela Fernando Hinojosa Peredo HÃ©ctor Massi Jorge Gonzale Mishel Leonor Wilder MQ Juan Chura Jaime Revollo Vargas Edwin Calani""",20,15,75,40,55,35,42.25,0.0
"Definitivamente .. quÃ© dolor!! MÃ­ amada Bolivia ğŸ‡§ğŸ‡´ necesitaba ese estilo de presidente â€” elegante - caballero- inteligente -caâ€¦ Ver mÃ¡s""",25,20,85,45,60,40,44.0,0.0
"Tuto, este PaÃ­s no te merece ğŸ˜ª",30,25,80,35,65,35,47.5,0.0
"Que pena por nuestro PaÃ­s hoy nos toca llorar,ğŸ¥¹ğŸ‡§ğŸ‡´",20,15,75,30,70,35,42.75,0.0
"Al igual que usted todos decepcionados, tambiÃ©n muchos hoy deseamos escapar de este paÃ­s, que va rumbo a ser la nueva Venezueâ€¦ Ver mÃ¡s",35,30,85,40,55,35,50.5,0.0
"Puede ser una imagen de texto que dice ""Prohibido olvidar lo que dijo George Orwell: ""Un pueblo que elige corruptos, impostores, ladrones y traidores, no es vÃ­ctima, es cÃ³mplice"".""",40,35,90,45,50,40,52.5,0.0
"No te merecemos Tuto, ahora que la gente aprenda a vivir con mÃ¡s inflaciÃ³n, sin combustible y con el dÃ³lar al doble de precio â€¦ Ver mÃ¡s",35,30,85,40,45,35,51.5,0.0
"Parece que no conocen como fue cuando estaba con el partido de la ADN al lado de Hugo Banzer Zuarez han destruido nuestra paâ€¦ Ver mÃ¡s""",40,45,85,35,40,30,57.75,0.0
"A llorar al rÃ­o, perdiÃ³ por errores que cometiÃ³ como la elecciÃ³n de su vicepresidente, la guerra sucia, su asesor polÃ­tico Durâ€¦ Ver mÃ¡s",45,40,80,40,35,30,56.75,0.0
"SeÃ±or Tuto, que lamentable saber el resultado final de las elecciones,no dude que habemos muchos bolivianos que tenÃ­amos la eâ€¦ Ver mÃ¡s",25,20,85,45,65,45,43.0,0.0
CÃ³mo todos estamos tristes tenia la esperanza pero como la gente prefiere a los corruptos q tristeza,30,25,85,35,60,35,48.75,0.0
"ING Tuto Quiroga sabemos que sus intenciones fueron las mejores no como de los demagogos populistas y que nuestro pueblo sieâ€¦ Ver mÃ¡s""",25,20,85,50,60,45,42.5,0.0
"Nos volvimos a equivocar ğŸ˜­, mi corazÃ³n estÃ¡ roto ğŸ’” , mi alma sagra de dolor",25,20,80,30,75,35,45.25,0.0
"Hubo fraude seÃ±or TUTO, tienen que revisar",35,30,85,40,50,35,51.0,0.0
"Lamentablemente como siempre hicieron trampa las ratas ....gracias seÃ±or Tuto usted quiso lo mejor para bolivia ...pero ellos â€¦ Ver mÃ¡s""",40,45,85,35,45,30,57.25,0.0
Mis respetos seÃ±or Tuto no hay mal que dure cien aÃ±os animo seguiremos trabajando desde abaja y con la confiaza en DIOS,20,15,80,50,70,50,38.0,0.0
"TUTO, vos eras el indicado, vos tenÃ­as soluciones viables, claras para nuestro paÃ­s, sabemos que no iba a ser un camino fÃ¡cilâ€¦ Ver mÃ¡s",25,20,85,50,65,45,42.0,0.0
"Mi querido Tuto, Ã¡nimo y confianza en Dios,Te queremos siempre junto a nosotros para apoyarnos y darnos la seguridad para que â€¦ Ver mÃ¡s",15,10,80,55,75,50,34.25,0.0
Me da tristeza con lo que va pasar mÃ¡s adelante con nuestro paÃ­s ğŸ˜ª con estos Lari Lari,30,35,85,35,55,35,51.25,0.0
"Gracias por el esfuerzo quÃ© ISO los bolivianos quÃ© sabemos pensar por â€¦ Ver mÃ¡s""",20,15,80,45,65,40,40.5,0.0
"Mi comentario ecuÃ¡nime, seremos coherentes el patriota Boliviano de donde se encuentre, puede aportar con ideas,soluciones, soâ€¦ Ver mÃ¡s",25,20,75,55,60,50,39.5,0.0
Yate lo mereces perder felicidades por poder los botos que te lo mereces,55,60,75,20,25,20,68.5,-1.0
ğŸ¤£ğŸ¤£ğŸ¤£ lamentablemente perdieron pobesito ğŸ¤£ğŸ¤£ğŸ¤£,60,65,70,15,20,15,72.0,-1.0
"Realmente muy educado, TUTO, mis respetos ğŸ‘ğŸ½ğŸ‘ğŸ½ğŸ‘ğŸ½",15,10,75,50,65,45,36.0,0.0
"Vamos a salir a las calles para elegir un comitÃ© elecctal transitorioâ€¦ Ver mÃ¡s""",40,35,85,35,45,30,55.25,0.0
"Tuto Quiroga realmente usted es una persona muy educado,preparado un gran defensor ğŸ‡§ğŸ‡´ğŸ‡§ğŸ‡´ que Dios le dÃ© fuerza y salud, siga adâ€¦ Ver mÃ¡s",15,10,80,55,70,50,34.75,0.0
Tuto era la esperanza Sr. Tuto gracias por pensar en salvar Bolivia eres grande,20,15,85,50,65,45,39.75,0.0
"Tienen que poner mÃ¡s Prioridad' en la ALFABETIZACION"" en el campo"" para que asÃ­, las personas NO SEAN MANIPULADAS O AMENAZADAâ€¦ Ver mÃ¡s",30,25,85,50,55,45,45.25,0.0
"Todos los que ponen me divierte igual riÃ©ndose quiero verlos cuando ya no tengan ni que comer ni agua porque a futuro el dinerâ€¦ Ver mÃ¡s""",45,40,85,35,40,30,58.0,0.0
"Es normal normal para el seÃ±or tuto perder cada elecciÃ³n de que se sorprende, el pueblo es sabio",40,35,80,30,35,25,57.0,0.0
"TambiÃ©n a nosotros se nos a roto ğŸ’”ğŸ’”ğŸ’”, nuestras esperanzas se quedÃ³ por los suelos, por toda esa gente egoÃ­sta que solo piensanâ€¦ Ver mÃ¡s",30,25,85,35,60,35,48.75,0.0
Y la de todos los bolivianos que querÃ­amos ver una Bolivia libre y que estamos hartos de ver como el mas sigue destruyendo el paÃ­s!!!,35,30,90,40,50,35,51.75,0.0
"Gracias Sr Jorge Quiroga por luchar hasta el final con respeto y dignidad. Ya vendrÃ¡n dÃ­as mejores, la gracia y la misericordiâ€¦ Ver mÃ¡s",20,15,80,55,70,50,37.0,0.0
"PrefiriÃ³ la mediocridad dejandose endulzar el oÃ­do con propuestas improvisadas.â€¦ Ver mÃ¡s""",35,30,85,40,45,35,51.5,0.0
"Lamentablemente uvo fraude como siempre ,SeÃ±or tuto quiroga usted es una gran perzona , ahora todo lo q venga estara en su coâ€¦ Ver mÃ¡s",30,25,85,45,55,40,46.75,0.0
Te queremos Tuto. Que Dios te bendiga siempre,15,10,75,50,75,45,35.0,0.0
El mejor candidato,20,15,80,45,65,40,40.5,0.0
Grande tutooo muy inteligente Admirable.,20,15,80,50,65,45,39.0,0.0
UN VERDADERO CABALLERO ğŸ˜ŠMIS RESPETOS ğŸ‘ğŸ‘ğŸ‘ğŸ‘DIOS LO BENDIGA ğŸ™ğŸ™,15,10,75,55,75,50,33.5,0.0
"ContinÃºa luchando Tuto...te han hecho FRAUDE....nos han hecho FRAUDE los corruptos del TSE y el Sirepre .,investiguen",40,35,85,40,45,35,53.75,0.0
Es una gran pena.,25,20,75,30,60,35,46.0,0.0
"Felicitar a tuto despuÃ©s de su pÃ©rdida eso mo vale tampoco nos podemos quedar con manos cruzados tuto que haga el papel de â€¦ Ver mÃ¡s""",35,30,80,45,50,40,48.75,0.0
tuto duele hoy con la cabeza abajo por como nuestra gente son tan opas y ingenuos maÃ±ana sera otro dia para caminar con la frente en alto,45,50,85,35,40,30,60.0,0.0
Queria robar una vez mÃ¡s y debe artos favores a las mafias en Bolivia le van a cobrar,55,60,80,20,25,20,69.25,-1.0
QUE DIOS LO BENDIGA TUTO.,15,10,75,50,70,45,35.5,0.0
"Jorge Tuto Quiroga Ramirez gracias por dar 100 por ciento! Por ser una persona con conviccion por una Bolivia sana y propsperâ€¦ Ver mÃ¡s""",20,15,85,55,65,50,38.25,0.0
"Por su parte seÃ±or Tuto siÃ©ntase tranquilo,hizo todo lo que estuvo a su alcance,nada mÃ¡s que la gente no valora las capacidadeâ€¦ Ver mÃ¡s",25,20,85,50,60,45,42.5,0.0
Que decepciÃ³n nuevamente hicieron fraude que falta de respeto a nuestro pais a la gente que eligio a Tuto . Gobernaran a la fuerza,40,35,85,35,45,30,55.25,0.0
"No te rindas, cuestiona los resultados",30,25,85,45,50,40,47.25,0.0
"Fuerza Tuto, tÃº eres grande y un buen ser humano.",15,10,80,50,75,45,35.75,0.0
Tuto deberÃ­a gestionar cuando estaba gobernando asÃ­ la gente hubiera dicho que vuelva,35,30,80,40,45,35,50.75,0.0
La de muchos Bolivianos ğŸ˜“,20,15,75,35,70,40,41.25,0.0
"La gente en su sano juicio esta quebrada, votamos por el bien, pero pues en nuestra AMADA BOLIVIA impera el mal, es nuestra dolorosa realidad. Hiciste y seguirÃ¡s haciâ€¦ Ver mÃ¡s""",35,30,85,40,55,35,50.5,0.0
"Gracias Tuto por todo, le habla un ex La Sallista e Ing. Industrial tambiÃ©n, no sÃ© quÃ© pasa en el paÃ­s, luego nos quejamos de â€¦ Ver mÃ¡s",25,20,80,50,60,45,41.75,0.0
"Fuerza presidente ,nos hicieron fraude Dios con todos ğŸ’œ",30,25,85,40,55,35,48.25,0.0
50% del PaÃ­s estÃ¡ tambiÃ©n con el corazÃ³n roto y el alma partida. Me quedo sin palabras. Mis respetos Sr. Tuto. Fuerza siga adelante.,25,20,85,45,65,40,43.5,0.0
Sin palabras ğŸ’”,20,15,75,30,70,35,42.75,0.0
"Tuto tu intenciÃ³n fue buenÃ­sima, gracias eres un caballero, inteligente, noble, ahora el soberano exige lo prometido.",20,15,85,50,65,45,39.75,0.0
Eres un Caballero a cabalidad no te ceintas mal muchas BENDICIONES QUE DIOS ES MUY GRANDE....,15,10,75,55,75,50,33.5,0.0
Tuto es un caballero no explicaron que 5 minutos antes se cortaron las camaras fraudes Tuto es el mejor,35,30,85,40,50,35,51.0,0.0
Te la partieron entera ..... Por preferir la plata de Jp en vez de un vice de La paz,45,40,80,30,35,25,59.25,0.0
"Excelente persona, un gran polÃ­tico, la gran mayorÃ­a de los bolivianos lo admiramos, sin embargo muchos no saben reconocer a gâ€¦ Ver mÃ¡s",20,15,85,50,60,45,40.25,0.0
Triste noticia para todos quienes esperabamos un cambio positivo psra el paÃ­s ğŸ’”,25,20,85,35,65,35,46.0,0.0
No te merecemos.,30,25,80,30,60,35,49.0,0.0
Hubo fraudeeee en el apagon,40,35,85,35,45,30,55.25,0.0
"No te queda de otra que seguir cobrando tu bono de expresidente sin ganar una sola elecciÃ³n en tu vida, eso les pasa por menosâ€¦ Ver mÃ¡s",55,60,75,20,25,20,68.5,-1.0
No existe quien represente mejor a Bolivia que #TUTO â™¥ï¸ğŸ’›ğŸ’š,20,15,80,45,65,40,40.5,0.0
Sad Pikachu GIF,25,20,70,30,55,35,45.75,0.0
"Todos los que nos consideramos verdaderos Bolivianos y velamos por un futuro para nuestros hijos estamos de luto y solo nos qâ€¦ Ver mÃ¡s""",30,25,85,40,55,35,48.25,0.0
Te hicieron un MEGAFRAUDE Tuto espero pidas una auditoria internacional,40,35,85,45,45,40,52.25,0.0
que bien todo el alto con tuto,20,15,75,55,50,45,38.75,0.0
Tuto Presidente de Boliviaâ¤ï¸ğŸ’›ğŸ’š,15,10,80,60,55,45,35.75,0.0
Paz y Lara a la presidencia,15,10,65,60,55,45,33.5,0.0
Tuto presidente,15,10,75,60,55,45,35.0,0.0
JamÃ¡s x ese maleante disfrazado solo quiere vender el litio nada mÃ¡s,65,70,80,15,10,20,76.25,-1.0
JamÃ¡s por este maleante,60,65,75,20,15,25,71.25,-1.0
"En El Alto fue abucheado el dÃ­a de hoy viernes en RÃ­o Seco, no informan ni muestran lo que de verdad pasğŸ¤¨ğŸ¤¨ğŸ¤¨ğŸ¤¨ğŸ˜ğŸ˜ğŸ˜",45,40,75,30,25,35,58.5,0.0
Esa gastadera Kiko no trabaja y como tiene esa lujosa auto gente y todo el tiempo a vivido de su renta... piensen tuto es un enviado de Trump,55,50,80,25,20,30,65.75,0.0
Fueron obligados los derejentillos llunk'us,60,65,85,20,15,25,72.75,-1.0
En el alto nadie le quiere a tuto jamas sera presidente de bolivia esta soÃ±ando gggggggg,50,55,75,25,20,30,64.75,0.0
"Es con tuto !!!, si seÃ±ores ğŸ‘Œ",20,15,75,55,50,40,39.25,0.0
"Si tuto inicio su caminata desde la UPEA esta confirmando que la nefasta autoridad edil de El Alto ""eva copa"", lo esta respaldando. Entre oportunistas dÃ¡ndose apoyo mutuo.",55,50,85,25,20,30,66.5,-1.0
EstÃ¡ jente no entiende que Tuto vendiÃ³ bolivia,60,65,80,20,15,25,72.0,-1.0
Tuto presidenteğŸ‡§ğŸ‡´ğŸ‡§ğŸ‡´ğŸ‡§ğŸ‡´ğŸ‡§ğŸ‡´ğŸ‡§ğŸ‡´,15,10,75,60,55,45,35.0,0.0
Paz y Lara presidente,15,10,65,60,55,45,33.5,0.0
Muy poca gente,35,30,70,40,35,45,49.25,0.0
Yo no estuve en hay querÃ­a hablar como vivir de renta vitalicia y como robar banco,55,50,75,25,20,30,65.0,0.0
Excelenteeeee,25,20,70,50,45,40,42.25,0.0
Si cuÃ¡nto estÃ¡n pagando avisen para ir,45,40,70,30,25,35,57.75,0.0
Tuto presidente bendiciones,15,10,75,60,55,45,35.0,0.0
"Bendiciones Tuto,",15,10,75,60,55,45,35.0,0.0
tuto Presidente,15,10,75,60,55,45,35.0,0.0
Sigan apoyÃ¡ndolo por que este seÃ±or tuto eliminarÃ¡ el sus en las cuales de esto muchas familia de escasos recurso son atendidos por sus,40,35,80,35,30,40,55.0,0.0
Fuerza mi presidente tuto presidente,20,15,75,55,50,40,39.25,0.0
Votenlo nada nuevo,35,30,70,40,35,45,49.25,0.0
Jajajaja que chiste,40,35,65,30,25,35,54.75,0.0
Tuto presidente,15,10,75,60,55,45,35.0,0.0
Rodrigo y capitÃ¡nlara la mejor opciÃ³n,15,10,65,60,55,45,33.5,0.0
Que vaya al campo no lo conocen,45,40,75,30,25,35,58.5,0.0
Queremos gente nueva no cualquier sanguinario vende patria,55,60,80,25,20,30,67.75,-1.0
Tuto Presidente,15,10,75,60,55,45,35.0,0.0
TUTO PRESIDENTE,15,10,75,60,55,45,35.0,0.0
Tuto presidente.,15,10,75,60,55,45,35.0,0.0
Tuto ğŸ‘ Presidente fuerza ğŸ’ª Tuto ğŸ‘ ğŸ’ª,20,15,75,55,50,40,39.25,0.0
Muy bien,25,20,70,50,45,40,42.25,0.0
Tuto presidente,15,10,75,60,55,45,35.0,0.0
Eso tuto vamos adelante tuto presidente,20,15,75,55,50,40,39.25,0.0
ğŸ‘ğŸ‘ğŸ‘ğŸ‘ TUTO PRESIDENTE â™¥ï¸ğŸ’›ğŸ’š,15,10,75,60,55,45,35.0,0.0
Masituto,45,40,85,25,20,30,62.0,0.0
Tuto presidente,15,10,75,60,55,45,35.0,0.0
Ese asesino se retira quien va votar por ese maleante peor aÃºn quien lo va acompaÃ±ar,70,75,80,10,15,20,79.0,-1.0
TUTO PRESIDENTE.,15,10,75,60,55,45,35.0,0.0
Todavia hay gente ciega apoyando al ladron de Tuto mas grande de Bolivia,60,65,80,20,15,25,72.0,-1.0
No voten por ese dinosaurio. 20 aÃ±os a mamado del estado ahora quiere mÃ¡s ese maÃ±udo,55,60,75,25,20,30,67.0,-1.0
Lo importante es que lo apoyen,25,20,70,45,40,45,43.25,0.0
Jorge Quiroga RamÃ­rez.â˜˜ï¸,20,15,70,55,50,40,38.5,0.0
Tuto presidente,15,10,75,60,55,45,35.0,0.0
PA Q MIERDA SIRVE ESE ğŸ¤¡ğŸ¤¡ğŸ¤¡ğŸ¤¡ğŸ‘,65,70,70,10,5,15,76.75,-1.0
Carajo emputan estos amarra guatos hoy tuve que caminar largo en muletas asta la clinica por su pega de estos cabrones tanta trankadera emputan busca pegas de mrd,75,80,75,15,10,20,80.0,-1.0
chua tuto politico oportunista solo vienes cuando hay elecciones o golpes de estado sosğŸ¦‡!!!!!parağŸ‡§ğŸ‡´â¤,60,65,80,20,15,25,72.0,-1.0
ğŸ’ğŸ’ğŸ’ğŸ’ğŸŒˆğŸŒˆğŸŒˆğŸŒˆ,15,10,70,55,50,45,35.75,0.0
Boten pa su tuto despues no anden quejandose,45,40,75,30,25,35,58.5,0.0
Muy bien,25,20,70,50,45,40,42.25,0.0
Tuto presidente el Ãºnico antimasista,25,20,80,50,45,40,43.75,0.0
A ese in capas sigen apoyando sus llunkus,55,60,80,25,20,30,67.75,-1.0
Tuto presidente,15,10,75,60,55,45,35.0,0.0
4 pelagatos,50,55,70,25,20,30,64.0,0.0
Felicidades Alto,25,20,70,45,40,45,43.25,0.0
Lara y paz....,15,10,65,60,55,45,33.5,0.0
Tutor presidente,15,10,75,60,55,45,35.0,0.0
FUERZA SR TUTOOO!!!!,20,15,75,55,50,40,39.25,0.0
"Tuto presidente , hombre serio inteligente y con buenas propuestas para gobernar y sacar al paÃ­s del pozo que hundieron los zurdos socialistas",25,20,80,55,50,45,41.75,0.0
VAMOS POR TUTO PRESIDENTE,20,15,75,55,50,40,39.25,0.0
"Vamos TUTO, desde aqui lo acompaÃ±o, gracias EL ALTO, los considero una ciudad de gente trabajadora y lo sostengo ante cualquiera",25,20,75,50,45,40,43.0,0.0
TUTO PRESIDENTE â¤ï¸ğŸ’›ğŸ’šğŸ‡§ğŸ‡´,15,10,75,60,55,45,35.0,0.0
"Si el Alto apoya a Tuto, sera presidente!!",25,20,75,50,45,40,43.0,0.0
TUTO PRESIDENTE ğŸ‡§ğŸ‡´ğŸ‡§ğŸ‡´,15,10,75,60,55,45,35.0,0.0
TUTO PRESIDENTE ğŸ’ªğŸ‡§ğŸ‡´,15,10,75,60,55,45,35.0,0.0
Tuto presidente!!!!,15,10,75,60,55,45,35.0,0.0
Tuto fue proclamado con 55 personas en el alto.,40,35,75,30,25,35,56.25,0.0
No hay de otra porque el PDC con sus reuniones con este gobierno corrupto solo resultÃ³ ser de la linea masista que decepciÃ³n por los que votaron por Lara,50,45,85,30,25,35,62.25,0.0
Que alegrÃ­a ver al pueblo acompaÃ±ando al futuro Presidente ğŸ‡§ğŸ‡´Tuto Quiroga,20,15,75,55,50,40,39.25,0.0
Pero no saben que el 50% es gente pagada.,45,40,75,30,25,35,58.5,0.0
Tuto presidente,15,10,75,60,55,45,35.0,0.0
Tuto presidente â¤ï¸â¤ï¸â¤ï¸,15,10,75,60,55,45,35.0,0.0
Tutito presidente 2025 - 2050,20,15,75,55,50,40,39.25,0.0
TUTO SERÃ NUESTRO PRESIDENTE!!!,20,15,75,55,50,40,39.25,0.0
Vamos vamos tuto se puede con libertad pasiencia humildad inteligencia actitud positiva llegaremos ala presidencia.,25,20,75,50,45,40,43.0,0.0
Ya no saben ni que mÃ¡s decir que pena la ignorancia digan lo digan Tuto presidente ğŸ‡§ğŸ‡´,40,35,75,30,25,35,56.25,0.0
Muy poca gente ğŸ˜ƒ,35,30,70,40,35,45,49.25,0.0
Tuto presidente,15,10,75,60,55,45,35.0,0.0
Tuto presidente,15,10,75,60,55,45,35.0,0.0
Tutu Presidente si o si Rl es el elegido x todo los BOLIVIANS ESTAMOS CONTIGO PAPITI HIJO DE DIOS,20,15,75,55,50,40,39.25,0.0
TUTO PRESIDENTE,15,10,75,60,55,45,35.0,0.0
Fuerza Tuto!!!,20,15,75,55,50,40,39.25,0.0
Son poquitos no tiene gente,40,35,75,30,25,35,56.25,0.0
TUTO PRESIDENTE,15,10,75,60,55,45,35.0,0.0
Tuto presidente,15,10,75,60,55,45,35.0,0.0
JAMAS POR ESE VENDE PATRIA,60,65,80,20,15,25,72.0,-1.0
Tuto presidente,15,10,75,60,55,45,35.0,0.0
De payaso debe estar el tuto,50,55,70,25,20,30,64.0,0.0
TUTO PRESIDENTE,15,10,75,60,55,45,35.0,0.0
"Fuerza Tuto,lÃ­branos de los maleantes extorcionadores vividores de la polÃ­tica.",30,25,80,45,40,45,47.0,0.0
"Donde mas va consentrar ese dictador aquÃ­ en el alto y cuanto va pagar para ir a ese concentraciÃ³n de este masacrador sepan el voto es secreto, yo no doy mi voto a los asesinos",65,70,85,20,15,25,75.0,-1.0
Por lo menos un auto baratito no una limosina acusalo con con tu mamÃ¡ kiko,55,60,70,25,20,30,66.25,-1.0
Tuto presidente tiene mÃ­ voto y el de mi familia hizo mucho en un aÃ±o de presidente miren historia viva bolivia libre y que viva la democracia,25,20,75,50,45,40,43.0,0.0
"BOLIVIA UNIDA, TUTO PRESIDENTE Y JP VICEPRESIDENTE ğŸ‡§ğŸ‡´ğŸ‡§ğŸ‡´ğŸ‡§ğŸ‡´",20,15,75,55,50,40,39.25,0.0
Muy pocas personas a comparacion de paz en la obelisco que estaba repleto,40,35,75,30,25,35,56.25,0.0
"Este mentiroso que engaÃ±a a los AlteÃ±os, no es nada creÃ­ble.",55,60,80,25,20,30,67.75,-1.0
Siiiiii Tuto presidente,20,15,75,55,50,40,39.25,0.0
Y quen dice que vas a hacer presidente porque nuestro futuro presidente es Paz y Lara,35,30,70,40,35,45,49.25,0.0
Evo ha sido mejor Presidente que vos Tuto v,45,40,80,30,25,35,59.25,0.0
Tuto Presidente ğŸ’ªğŸ‘ğŸ‡§ğŸ‡´ğŸ‡§ğŸ‡´ğŸ‡§ğŸ‡´,15,10,75,60,55,45,35.0,0.0
Definitivamente ğŸ’ªes con tuto,20,15,75,55,50,40,39.25,0.0
TUTO PRESIDENTE ğŸ‡§ğŸ‡´,15,10,75,60,55,45,35.0,0.0
"Tuto Presidente, no hay otro que salve del narcotrÃ¡fico y crisis econÃ³mica",25,20,80,50,45,40,43.75,0.0
Tuto presidente ğŸ‡§ğŸ‡´ğŸ‡§ğŸ‡´ğŸ‡§ğŸ‡´ğŸ‡§ğŸ‡´ğŸ‡§ğŸ‡´,15,10,75,60,55,45,35.0,0.0
Mi voto es Paz - Lara.,15,10,65,60,55,45,33.5,0.0
"Pero tuto tu amor con el jefazo no se va dar asÃ­, se que del odio se llega al amor Pero no es asÃ­, de tanta indirectas se va câ€¦ Ver mÃ¡s",45,40,75,30,25,35,58.5,0.0
JÃ³venes sepan votar bien no se dejen llevar por Bono el bono no es la soluciÃ³n queremos estabilidad,30,25,70,45,40,45,45.5,0.0
Mucha desesperaciÃ³n ...,35,30,70,40,35,45,49.25,0.0
TUTO PRESIDENTE,15,10,75,60,55,45,35.0,0.0
Vamos mi capitan,20,15,65,55,50,40,37.75,0.0
Tuto presidente,15,10,75,60,55,45,35.0,0.0
JORGE TUTO QUIROGA PRESIDENTE ğŸ‡§ğŸ‡´ğŸ‘,15,10,75,60,55,45,35.0,0.0
Este Kiko quiere su voto de evo por eso todos los dias sueÃ±a con evo,50,55,80,25,20,30,65.5,0.0
vamos TUTO PRESIDENTE!!!,15,10,75,60,55,45,35.0,0.0
Y quien te dijo que basa ganar,40,35,75,30,25,35,56.25,0.0
Enamorado de evo que quiso haces reir,45,40,75,30,25,35,58.5,0.0
Tuto presidente â¤ï¸ğŸ’›ğŸ’š,15,10,75,60,55,45,35.0,0.0
Bien Tuto!!,20,15,75,55,50,40,39.25,0.0
Muy bien pero primero tienes q ganar,35,30,75,40,35,45,50.0,0.0
Show montado evo es tu jefe Tuto,50,55,80,25,20,30,65.5,0.0
Tuto presidente,15,10,75,60,55,45,35.0,0.0
ğŸ¤£ğŸ¤£ğŸ¤£ claro,35,30,70,35,30,40,51.25,0.0
Rodrigo y Lara,15,10,65,60,55,45,33.5,0.0
Mi presidente tuto,20,15,75,55,50,40,39.25,0.0
Super. Vamos. Tuto.,20,15,75,55,50,40,39.25,0.0
Nooo creeeeeeeeeoo,40,35,70,35,30,40,53.5,0.0
"Evo es una obsesiÃ³n para toda la gente honesta queremos verlo preso no se como lo apoyan al pedofilo, ladron y corrupto esperoâ€¦ Ver mÃ¡s",55,60,85,25,20,30,68.5,-1.0
Vamos tuto tu puedes,20,15,75,55,50,40,39.25,0.0
"A Tuto,le preocupa la decisiÃ³n de Evo , por quiÃ©n votarÃ¡, sabe que somos mayorÃ­a,lo Ãºnico que sabe es amenazar,es su desesperaciÃ³n",45,40,80,30,25,35,59.25,0.0
"Carajo Evo fue mejor presidente de todos los expresidente de Bolivia desde 1825, seguido VÃ­ctor Paz Juan JosÃ© Torres y los demâ€¦ Ver mÃ¡s",40,35,85,35,30,40,55.75,0.0
Dijinotaba mente eres un tonto y queda y sarna anda primero a la colimba y quÃ© es la moral militar para nos cobarde,70,75,75,15,10,20,77.75,-1.0
Sin evo no puede vivir ajajaajaj,45,40,75,30,25,35,58.5,0.0
Hay el amor te entiendo Kiko o Tuto ğŸ˜…ğŸ˜…ğŸ˜… difÃ­cil olvidar...,40,35,70,35,30,40,53.5,0.0
Evo estuvo 14 aÃ±os de presidente en cambio tuto solo un aÃ±o de presidente por que el gran bandera falleciÃ³ pero en 3se aÃ±o hizâ€¦ Ver mÃ¡s,40,35,80,35,30,40,55.0,0.0
Como el BombÃ³n te tragaras tus palabras baboso kiko,55,60,75,25,20,30,67.0,-1.0
Este tipo estÃ¡ bien celoso no sabe que Aser porque ya sabe que va perder en las elecciones Rodrigo presidente,45,40,75,30,25,35,58.5,0.0
Pobre iluso debe ser uno mÃ¡s de sus amarraguato po eso lo alaba tienes razÃ³n fue el mejor precidentes en robar en violar la coâ€¦ Ver mÃ¡s,60,65,80,20,15,25,72.0,-1.0
Crees que tu vas ganar vamos lara,40,35,70,35,30,40,53.5,0.0
Sonseras hablas hijito de Banzer cuando maduraras polÃ­ticamente nunca aportaste en nada ParÃ¡ Bolivia es una pena una derecha iâ€¦ Ver mÃ¡s,55,50,80,30,25,35,63.75,0.0
"ay kiko das mucha pena, desayunas con evo, almuerzas con evo, cenas con evo, y creo que evo es tu peor pesadilla y aunque evo â€¦ Ver mÃ¡s",50,55,80,25,20,30,65.5,0.0
TUTO PRESIDENTE ğŸ’ªğŸ‡§ğŸ‡´,15,10,75,60,55,45,35.0,0.0
cada pavada que habla este kikoâ€¦ Ver mÃ¡s,45,40,75,30,25,35,58.5,0.0
Tuto si es un loco como puede amenazar al que le salvo de los 8 ficios que tenia tuto lo que tiene que decir es vamos ha hit â€¦ Ver mÃ¡s,55,50,80,25,20,30,65.75,0.0
Metan preso de una vez al pedÃ³filo,50,55,80,25,20,30,65.5,0.0
No. TUTO QUIROGA. Para. Presidente. Muchas. Injusticia. 30. AÃ±os. Con sueldo de. 25 mil. Juegosos. Bs. No para. Pâ€¦ Ver mÃ¡s,45,40,75,35,30,40,56.5,0.0
Ya fuiste presidente y no hiciste nada,50,55,75,25,20,30,64.75,0.0
"El tutu sin cerebro sin memoria, tutu usted sabe bien clarito tu papito te mando",60,65,75,20,15,25,71.25,-1.0
Ni cagando x tuto,55,60,75,20,15,25,69.0,-1.0
Vende patria sabemos que vas a cerrar muchas empresas y sabemos que vas a durar 2 aÃ±os los alteÃ±os te vamos a sacar mierda,75,80,80,10,15,20,81.25,-1.0
Vamos TUTO FUTURO.PRESIDNTE,20,15,75,55,50,40,39.25,0.0
Si es asÃ­ tendrÃ¡s muchos votos TUTO,25,20,75,50,45,40,43.0,0.0
"Tuto es la salvaciÃ³n,para liberarnos completamente del mas,y los 20 aÃ±os de saqueo.",30,25,85,45,40,45,47.75,0.0
Tuto Presidente ğŸ‡§ğŸ‡´ ğŸ‡§ğŸ‡´ ğŸ‡§ğŸ‡´,15,10,75,60,55,45,35.0,0.0
Rodrigo presidente,15,10,65,60,55,45,33.5,0.0
Tuto Presidente les guste o noooooooo,30,25,75,45,40,45,46.25,0.0
Este Hdpta hasta en YouTube no deja mirar tranquilo ğŸ¤¬ğŸ¤¬ğŸ¤¬,65,70,75,15,10,20,75.5,-1.0
Kikin q te importa su voto de Evo habla de esta crisis econÃ³mica como saldremos de esta presenta propuestas.,40,35,75,35,30,40,54.25,0.0
Este Tuto me llega al huevo no puedo ver ni Youtube tranquilo hasta cuando quiero hacer justicia con mi propia mano me apareceâ€¦ Ver mÃ¡s,70,75,75,15,10,20,77.75,-1.0
Y pensar que fue evo quien le dio amnestia ğŸ˜‚,40,35,75,30,25,35,56.25,0.0
El que va pagar sos vos en el reino de satÃ¡n satÃ¡nico dÃ³nde estarÃ¡s muy feliz infeliz que no te das cuenta o te hacÃ©s delegadâ€¦ Ver mÃ¡s,60,65,80,20,15,25,72.0,-1.0
El kewa es el que deja que su mujer se acueste con otros,65,70,70,15,10,20,74.75,-1.0
Yo ede votar x paz y lara,15,10,65,60,55,45,33.5,0.0
No es que haya delitos u otro. El voto no es para el porque Los prestamos tenemos hasta el cuello y ahora encima prestarse delâ€¦ Ver mÃ¡s,40,35,75,35,30,40,54.25,0.0
Yoooo,25,20,70,45,40,45,43.25,0.0
Vamos TUTO PRESIDENTE,15,10,75,60,55,45,35.0,0.0
"Creo que hay una inclinaciÃ³n notoria hacia Tuto Quiroga, el sr. Lara se aplazÃ³ al prometer lo que no se puede cumplir, entonceâ€¦ Ver mÃ¡s",35,30,75,40,35,45,50.0,0.0
Y tus delitos tutito,45,40,75,30,25,35,58.5,0.0
ğŸ¤—Con TUTO ğŸ’ª,20,15,75,55,50,40,39.25,0.0
Tuto presidente de la RepÃºblica de Bolivia Dios bendiga a mi paÃ­s ğŸ™,15,10,75,60,55,45,35.0,0.0
Tu eres su cÃ³mplice asÃ­ que no te hagas a los inocentes,50,55,80,25,20,30,65.5,0.0
Bien Tuto asÃ­ es una autoridad,25,20,75,50,45,40,43.0,0.0
Tuto presidente ğŸ‡§ğŸ‡´ ğŸ‘ ğŸ’ª,15,10,75,60,55,45,35.0,0.0
Desesperacion en las filas ğŸ«£,35,30,70,40,35,45,49.25,0.0
Tuto es otro ladron pregunten donde bibe su familia el se aparesio para las elxciones,55,60,80,25,20,30,67.75,-1.0
Tuto vende patria,60,65,80,20,15,25,72.0,-1.0
Oyemaricor paresequeandÃ¡s henÃ¡morado del EVO porque patodo es. EVO. MÃ¡leante,55,60,80,25,20,30,67.75,-1.0
"Tuto, tÃº le gestionaste el aviÃ³n para que fugue, a quÃ© juegas?",50,55,80,25,20,30,65.5,0.0
"Bellezaaaa, asÃ­ tiene que ser, ese Evo debe estar haciendo sus rituales con las hojas de coca y los sullos para que Tuto no gane ğŸ˜…",40,35,75,30,25,35,56.25,0.0
Oooo para no creer y a el le hicieron pagar sus delitos jajaja,45,40,75,30,25,35,58.5,0.0
BIEN DICHO !!!!!!!,25,20,75,50,45,40,43.0,0.0
Creo que te volviste loco por Evo Morales,45,40,75,30,25,35,58.5,0.0
Tuto...el innombrable va votar en blanco..no te rompas tanto la cabeza,40,35,75,35,30,40,54.25,0.0
Si tuto es amigo de Evo,45,40,80,30,25,35,59.25,0.0
Tuto presidente ğŸ‡§ğŸ‡´,15,10,75,60,55,45,35.0,0.0
CachetÃ³n vas a perder claringo estÃ¡ Rodrigo y Lara presidente,45,40,75,30,25,35,58.5,0.0
"Pobre tipo!!!, bla, bla, blaâ€¦â€¦",50,55,70,25,20,30,64.0,0.0
"Hay si claro, conmigo iras preso. Ya quiero ver eso.. piensa bien antes de hablar.. ese hombre estÃ¡ mÃ¡s resguardado quÃ© voj. Eâ€¦ Ver mÃ¡s",55,60,80,25,20,30,67.75,-1.0
Pero el voto por Ley es secreto no se puede revelar a nadies,30,25,65,45,40,45,44.75,0.0
El futuro PRESIDENTE es TUTO QUIROGA Y JP VELASCO es el VICEPRESIDENTE,20,15,75,55,50,40,39.25,0.0
Y este sr tuto Quiroga cuando va a pagar tambiÃ©n su delito x el golpe de estado. Xq fuÃ© su vocero de ara aÃ±ez . Y Murillo Jorgâ€¦ Ver mÃ¡s,55,50,85,30,25,35,64.5,0.0
La seÃ±ora seÃ±orita Gloria q duerma una noche chie con arce o tuto y q le aga un hilo,60,65,70,20,15,25,70.5,-1.0
CompaÃ±ero Tuto dejemos la guerra Sucia para que molestar a este tipo no tiene ni graciapara este habla su Llunkho Loza esâ€¦ Ver mÃ¡s,40,35,75,35,30,40,54.25,0.0
Chismes de la chusma ğŸ¤¦ğŸª°ğŸ—‘ï¸,45,40,70,30,25,35,57.75,0.0
Que.alterado.norte..americano.tu.no.eres.boliviano.sabes.tu.trabajas.para.emperio.,55,60,80,25,20,30,67.75,-1.0
Estd ya fue presidente no iso nada solo mando matar gente,65,70,80,20,15,25,74.25,-1.0
"Como cuando te peleas con tu proveedor de sustancias, ahora quieres que caiga porque ya no te da tu tajada, Pero descubres queâ€¦ Ver mÃ¡s",50,45,75,30,25,35,60.75,0.0
CAPACIDAD..EXPERIENCIA...TUTO PRESIDENTE....!!! YEESSS,25,20,75,50,45,40,43.0,0.0
Tuto Presidente,15,10,75,60,55,45,35.0,0.0
No necesitamos demagogia. Necesitamos propuestas concretas. Solo Tuto tiene un programa de gobierno.,30,25,80,55,45,50,44.0,0.0
No hay dÃ³nde perderse es Tuto la soluciÃ³n.â€¦ Ver mÃ¡s,25,20,85,50,40,45,44.5,0.0
Osea que Rodrigo estÃ¡ en las nubes igual q tilin,45,40,75,30,25,35,58.5,0.0
Tuto tuto tuto y punto,20,15,80,45,35,40,43.5,0.0
No tienen memoria o saben o no vivieron son jovenes,40,35,80,35,30,35,55.5,0.0
Todo claro con Tuto sin titubeos,25,20,85,50,40,45,44.5,0.0
"El Tuto ya goberno nuestro paÃ­s dejando en miseria y pobreza igual que su socio Evo y Arce, nomÃ¡s dinosaurios abuelos de la poâ€¦ Ver mÃ¡s",60,65,85,20,15,25,72.75,-1.0
"O cambiamos y formamos una nueva Bolivia, o solo utilizamos medidas cosmÃ©ticas como decÃ­a Victo Paz, o lo cual no solucionareâ€¦ Ver mÃ¡s",35,30,80,45,40,45,49.25,0.0
Entonces Paz porque fue al imperio,45,40,75,30,25,35,58.5,0.0
"La Ãºnica opciÃ³n real, en este momento, es Tuto, aunque no les guste algunos indecisos, Tuto tiene la capacidad de sacar a boliâ€¦ Ver mÃ¡s",30,25,85,50,45,45,46.25,0.0
QUE SABE DE ECONOMÃA RODRIGO= EVOâ€¦ Ver mÃ¡s,50,55,80,25,20,30,65.5,0.0
Tuto presidente de Bolivia es la soluciÃ³n .El dÃºo Paz Lara estÃ¡ con este Gobierno de turno que nos llevÃ³ a la crisis total eâ€¦ Ver mÃ¡s,35,30,85,45,40,45,50.0,0.0
Tuto presidente,15,10,75,60,55,45,35.0,0.0
Tuto presidente,15,10,75,60,55,45,35.0,0.0
Tuto presidente,15,10,75,60,55,45,35.0,0.0
Tuto presidente,15,10,75,60,55,45,35.0,0.0
TUTO sabe mucho mÃ¡s q Lara y rodrigo,35,30,80,40,35,40,51.25,0.0
TUTO TIENE PROPUESTAS CONCRETAS,25,20,85,55,45,50,42.5,0.0
TUTO PRESIDENTE,15,10,75,60,55,45,35.0,0.0
Tuto presidente,15,10,75,60,55,45,35.0,0.0
Tuto presidente,15,10,75,60,55,45,35.0,0.0
TUTO PRESIDENTE,15,10,75,60,55,45,35.0,0.0
Fuerza Rodrigo paz presidente ğŸ’ªğŸ¼ğŸ’ªğŸ¼ğŸ’ªğŸ¼ğŸ‡§ğŸ‡´ğŸ‡§ğŸ‡´ğŸ‡§ğŸ‡´âœ…,20,15,65,55,50,40,37.75,0.0
TUTO PRESIDENTEğŸ‘Œ,15,10,75,60,55,45,35.0,0.0
TUTO PRESIDENTE,15,10,75,60,55,45,35.0,0.0
Rodrigo ysu acompaÃ±ante no tienen buenas propuestas no saben de gobernavilidad,40,35,75,35,30,35,54.75,0.0
Y ahora tomamos conciencia y es nomÃ¡s TUTO la Ãºnica opciÃ³n,30,25,85,45,40,45,47.75,0.0
Tuto presidente,15,10,75,60,55,45,35.0,0.0
Tuto presidente,15,10,75,60,55,45,35.0,0.0
Tuto es de estados unidos ğŸ‡±ğŸ‡·ğŸ‡±ğŸ‡·ğŸ‡±ğŸ‡·ğŸ‡±ğŸ‡·ğŸ‘ˆğŸ¼ğŸ‘ˆğŸ¼eso es el tuto,50,55,80,25,20,30,65.5,0.0
Es con TUTO no hay otra alternativa,25,20,85,50,40,45,44.5,0.0
Tuto presidente,15,10,75,60,55,45,35.0,0.0
TUTO PRESIDENTE ğŸ‡§ğŸ‡´ğŸ‡§ğŸ‡´ğŸ‡§ğŸ‡´,15,10,75,60,55,45,35.0,0.0
Tuto el mejor mas inteligente,25,20,80,45,40,40,45.25,0.0
Cualquiera que entre va tener que Givernar con las 4 fuersas,30,25,75,40,35,40,48.25,0.0
Tuto presidente ğŸ‡§ğŸ‡´ ğŸ’ª,15,10,75,60,55,45,35.0,0.0
No se olvide de mencionar que entre las propuestas de Rodrigo estÃ¡n los bonos y la legalizaciÃ³n de autos chutos,40,35,75,35,30,35,54.75,0.0
El kiko ya goberno quebro nuestro pais no hiso nada por Bolivia solo busca robar eso no vamos a permitir Rdrigo y Lara presidente,60,65,80,20,15,25,72.0,-1.0
TUTITO YA FUE PRESIDENTE POR REEMPLAZO Y FORMO PARTE DEL GOBIERNO CORRUPTO DE YANIÃ‘E AÃ‘ES DONDE ROBARON EN PLENA PANDEMIA Y TUâ€¦ Ver mÃ¡s,65,70,85,15,10,20,77.0,-1.0
TÃºTO PRESIDENTE ğŸ‡§ğŸ‡´ğŸ‡§ğŸ‡´ğŸ‡§ğŸ‡´ğŸ‡§ğŸ‡´ğŸ‡§ğŸ‡´ğŸ‡§ğŸ‡´ğŸ‡§ğŸ‡´,15,10,75,60,55,45,35.0,0.0
Tuto presidente,15,10,75,60,55,45,35.0,0.0
Tuto se copio de PAZ por quÃ© el nunca hablo de la economÃ­a mucho menos de el 50 50,45,40,80,30,25,35,59.25,0.0
Aga loque aga no entrara tuto o kiko no y no va ganar perdera y perdera,50,55,75,25,20,30,64.75,0.0
El lo Ãºnico q sabe privatizar bolivia vender bolivia a eso viene cada q campaÃ±a de polÃ­tica,55,60,80,25,20,30,67.75,-1.0
"Es incapaz de Rodrigo, al igual que sus padrinos del mÃ¡s, plantea la redistribuciÃ³n de la riqueza ; tan rica que esta Bolivia,â€¦ Ver mÃ¡s",50,45,85,30,25,35,62.25,0.0
"Tuto con su programa de robar,insultar y a nuestros adultos mayores ignorar por eso votarÃ© por PDC",55,60,80,25,20,30,67.75,-1.0
Senador Rodrigo Paz es un charlatÃ¡n!,45,50,75,30,25,35,60.5,0.0
Catacora Arce ustedes son comunistas usted no viajo usted sÃ© jue a â€¦ Ver mÃ¡s,55,60,85,25,20,30,68.5,-1.0
"EstÃ¡n engaÃ±ando al paÃ­s con bonos falsos, casas de 2 pisoâ€¦ Ver mÃ¡s",50,55,80,30,25,35,63.5,0.0
"CON TUTO, SALDREMOS ADELANTE, SIN TUTO...NOS HUNDIREMOS MAS.",35,30,85,45,40,45,50.0,0.0
El tilÃ­n Rodrigo no fue hacer gestiÃ³n se fue de parranda,45,40,75,30,25,35,58.5,0.0
Paz presidente 2025 2030,15,10,65,60,55,45,33.5,0.0
Tuto fuera es otro bajo a la gente engaÃ±ando habla vaya a vivir donde vivÃ­as a EEUU,55,60,80,25,20,30,67.75,-1.0
TUTO PRESIDENTE ğŸ‡§ğŸ‡´ğŸ‡§ğŸ‡´ğŸ‘ğŸ‘,15,10,75,60,55,45,35.0,0.0
"Puede ser una imagen de 1 persona y texto que dice ""AW Scal SERVI CIOS SESPECIALIZADOS AUDIENCIAS Lara instÃ³ en TikTok a difundir mensajes que resalten el pasado polÃ­tico de Tuto Quiroga para influir en el voto: ""TODA LA GENTE, NO NECESITA ATACAR A Ï„Ï…T QUIROGA, SOLAMENTE HAGAN VIDEOS RECORDÃNDOLE QUIÃ‰N FUE Ï„Ï…Ï„O QUIROGA Y QUÃ‰ HIZO POR BOLIVIA. HÃBLENLE DE TODAS LAS COSAS QUE HIZO Ï„Ï…Ï„o QUIROGA Y LA GENTE JOVEN QUE NO LO CONOCE SE VAA DAR CUENTA."" Candidato vicepresidencial del PDC, Edmand Lara f sericieienedecneru""",35,30,80,40,35,40,51.25,0.0
"Puede ser una imagen de 1 persona y texto que dice ""AW Scal SERVI CIOS SESPECIALIZADOS AUDIENCIAS Lara instÃ³ en TikTok a difundir mensajes que resalten el pasado polÃ­tico de Tuto Quiroga para influir en el voto: ""TODA LA GENTE, NO NECESITA ATACAR A Ï„Ï…T QUIROGA, SOLAMENTE HAGAN VIDEOS RECORDÃNDOLE QUIÃ‰N FUE Ï„Ï…Ï„O QUIROGA Y QUÃ‰ HIZO POR BOLIVIA. HÃBLENLE DE TODAS LAS COSAS QUE HIZO Ï„Ï…Ï„o QUIROGA Y LA GENTE JOVEN QUE NO LO CONOCE SE VAA DAR CUENTA."" Candidato vicepresidencial del PDC, Edmand Lara f sericieienedecneru""",35,30,80,40,35,40,51.25,0.0
"Puede ser una imagen de 1 persona y texto que dice ""AĞ˜W _eal CIOS ESPECIALIZADOS SERVI AUDIENCIAS Lara instÃ³ en TikTok a difundir mensajes que resalten el pasado polÃ­tico de Tuto Quiroga para influir en el voto: ""TODA LA GENTE, NO NECESITA ATACAR A TUTO QUIROGA, SOLAMENTE HAGAN VIDEOS RECORDÃNDOLE QUIÃ‰N FUE TUTO QUIROGA Y QUÃ‰ HIZO POR BOLIVIA. HÃBLENLE DE TODAS LAS COSAS QUE HIZO TUTO QUIROGA Y LA GENTE JOVEN QUE NO LO CONOCE SE VAA DAR CUENTA."" Candidato vicepresidencial del PDC, Edmand Lara f serieipiededeccmauib""",35,30,80,40,35,40,51.25,0.0
"TUTO PRESIDENTE ğŸ§ğŸ‡¬ğŸ‡­ Y DEJEN DE PENDEJAD,K EL PAIS ESTA EN RUINA ğŸ•³ï¸ğŸ’”ğŸ‡¬ğŸ‡­ Y ESX EL COMUNISMO â˜ ï¸ğŸ–¤â˜ ï¸ğŸ–¤ğŸ•³ï¸âš–ï¸ğŸ•³ï¸ğŸª¤ğŸ’³ğŸ’°ğŸ’” CORRUPTOS",60,65,90,25,20,30,71.5,-1.0
Dice hay que llegar a la presidencia para sabeâ€¦ Ver mÃ¡s,35,30,75,40,35,40,50.5,0.0
Tuto no hay qe creerle nada ha este vende humo,50,55,80,25,20,30,65.5,0.0
Tuyo presidente,15,10,75,60,55,45,35.0,0.0
Tuto ya tubo su oportunidad no ISO nada. Solo dedico a vender bolivia,55,60,80,25,20,30,67.75,-1.0
"VotarÃ© por el QuiquÃ­n, se ve que esta preparado vamos Tuto presidente",25,20,80,50,45,45,43.25,0.0
Solo TUTO PRESIDENTE la tiene clara,25,20,85,50,40,45,44.5,0.0
Como ciempre lismoniando,45,40,75,30,25,35,58.5,0.0
Pues con tuto es un retroceso a los 2000,40,35,80,35,30,35,55.5,0.0
14 AÃ‘OS NO FALTABA NADA EN BOLIVIA ğŸ’ª QUE VUELVA EVO CABRONES ğŸ’ªğŸ‡§ğŸ‡´ğŸ‡§ğŸ‡´ğŸ‡§ğŸ‡´ğŸ‡§ğŸ‡´ğŸ‡§ğŸ‡´,55,60,90,25,20,30,69.25,-1.0
El no trabajo nunca ensu vida no tiene nada invertido en el pais. Y quiere venirnos a haâ€¦ Ver mÃ¡s,50,55,75,30,25,35,62.75,0.0
UN. CAMBIO. PARA. BOLIVIAâ€¦ Ver mÃ¡s,30,25,80,45,40,45,47.0,0.0
Tuto quiere prestarse plata para repartir a sus cuates y recuperar todo lo que gasto robando,55,60,80,25,20,30,67.75,-1.0
Tuto y JP. Gobernaran Bolivia,20,15,75,55,50,40,39.25,0.0
Tuto es un perdedor,45,50,75,25,20,30,62.5,0.0
TUTO PRESIDENTE NO HAY OTRA ALTERNATIVA.,25,20,85,50,40,45,44.5,0.0
"Paz y Lara son mentirosos demagogos charlatanes ni propuesta para afrontar a la crisis que atraviesa el paÃ­s no tienen, de malâ€¦ Ver mÃ¡s",55,60,80,30,25,35,65.75,0.0
TUTO PRESIDENTE!!!,15,10,75,60,55,45,35.0,0.0
Paz y lara presidente,15,10,65,60,55,45,33.5,0.0
Exactamente de RODRÃGO estÃ¡ mejor la Propuesta...,30,25,70,45,40,45,45.5,0.0
Fue a pasear. ...no hablÃ³ con NADIE ...MENTIROSO ...SINVERGUENZA ...NO TIENE U. PLAN DE GOBIEENO ....IGUAL QUW ...EVO,60,65,80,20,15,25,72.0,-1.0
Estas dos sarnas pelagatos no saben nada de economÃ­a ni modo tendrÃ© que apuntar a uno,55,60,75,25,20,30,67.0,-1.0
Rodrigo paz dice que biajo a EEUU. APRESENTAR SU PROYECTO DE GOBIERNO SIN EMBARGO NOSOTROS LOS BOLIBIANOS NO CONOSEMÃ“S POR QUEâ€¦ Ver mÃ¡s,45,40,75,35,30,35,57.0,0.0
TUTO PRESIDENTE ğŸ‡§ğŸ‡´,15,10,75,60,55,45,35.0,0.0
Maleantes vividores,60,65,75,20,15,25,71.25,-1.0
AHORA SIN DUDAR â€¦ Ver mÃ¡s,25,20,80,45,40,45,44.75,0.0
"PAZ DEBERÃA IR A CUBA Y A VENEZUELA PARA que le presten plata en estados unidos ni deben saludar, PAZ Y LARA estÃ¡n sin rumbo perdidos",50,55,80,30,25,35,63.5,0.0
Pura boca los populistas,45,40,75,30,25,35,58.5,0.0
"Puede ser una imagen de texto que dice ""#EsCon TOO""",20,15,75,45,35,40,42.75,0.0
0:00 / 0:38,10,5,65,40,35,35,38.25,0.0
0:00 / 0:52,10,5,65,40,35,35,38.25,0.0
"Esta jugando sucio, y asÃ­ le ira. Va siempre le fue mal. Es q no encaja en la sociedad boliviana, xq tiene total desconocimiento",50,55,80,25,20,30,65.5,0.0
"Puede ser una imagen de 1 persona y texto que dice ""AĞ˜W _eal CIOS ESPECIALIZADOS SERVI AUDIENCIAS Lara instÃ³ en TikTok a difundir mensajes que resalten el pasado polÃ­tico de Tuto Quiroga para influir en el voto: ""TODA LA GENTE, NO NECESITA ATACAR A TUTO QUIROGA, SOLAMENTE HAGAN VIDEOS RECORDÃNDOLE QUIÃ‰N FUE TUTO QUIROGA Y QUÃ‰ HIZO POR BOLIVIA. HÃBLENLE DE TODAS LAS COSAS QUE HIZO TUTO QUIROGA Y LA GENTE JOVEN QUE NO LO CONOCE SE VAA DAR CUENTA."" Candidato vicepresidencial del PDC, Edmand Lara f serieipiededeccmauib""",35,30,80,40,35,40,51.25,0.0
"Puede ser una imagen de 1 persona y texto que dice ""AĞ˜W _eal CIOS ESPECIALIZADOS SERVI AUDIENCIAS Lara instÃ³ en TikTok a difundir mensajes que resalten el pasado polÃ­tico de Tuto Quiroga para influir en el voto: ""TODA LA GENTE, NO NECESITA ATACAR A TUTO QUIROGA, SOLAMENTE HAGAN VIDEOS RECORDÃNDOLE QUIÃ‰N FUE TUTO QUIROGA Y QUÃ‰ HIZO POR BOLIVIA. HÃBLENLE DE TODAS LAS COSAS QUE HIZO TUTO QUIROGA Y LA GENTE JOVEN QUE NO LO CONOCE SE VAA DAR CUENTA."" Candidato vicepresidencial del PDC, Edmand Lara f serieipiededeccmauib""",35,30,80,40,35,40,51.25,0.0
0:00 / 0:25,10,5,65,40,35,35,38.25,0.0
0:00 / 1:05,10,5,65,40,35,35,38.25,0.0
"Puede ser una imagen de texto que dice ""Ï„. TUT UTO PRESIDENTE!""",20,15,75,45,35,40,42.75,0.0
"Puede ser una imagen de 8 personas y texto que dice ""SICARIOS De TÃšTO VUELVEN CON AMENAZAS A LOS BOLIVIANOS COMO EL 2019 PARA 'CONVULCIONAR EL PAÃS"" No vamos a permitir que elsocialismovuelvaanuestra el socialismo vuelva a nuestra manipulaciÃ³n es voto, manipulaciÃ³nyesyoto,elvoto el voto de los bolivianos, libre""",65,70,85,20,15,25,75.0,-1.0
"Puede ser un dibujo de dinero y texto que dice ""JORGE ""TUTO"" QUIROGA QUITANDO BONO A LOS ANCIANOS DE TERCERA EDAD RENTA Bs.25.000 Bs. BONO""",50,55,80,30,25,35,63.5,0.0
"Puede ser una imagen de 2 personas y texto que dice ""å±± Partido DemÃ³crata Cristiano # DE #aKaao LA GENTE AL SERVICIO RODRIGPAZEDMANDLARA RODRIG PAZ EDMAND EDMANDLAR LARA PRESIDENTE VICEPRESIDENTE 2025-2030 2025-20 d@democracia.cristiana.bo""",25,20,65,50,45,40,41.5,0.0
"Puede ser una imagen de 5 personas y texto que dice ""EL PUEBLO NO SE OLVIDA ES INTELIGENTE PALACIO DE GOBIERNO EL MENTIROSO QUE CREE QUE SOMOS TONTOS TODOS LOS BOLIVIANOS""",45,40,80,35,30,35,57.75,0.0
CUALQUIER MOMENTO LARA PUEDE ASUMIR A LA PRESIDENCIAâ€¦ Ver mÃ¡s,35,30,75,40,35,40,50.5,0.0
CapitÃ¡n Lara les dice sus verdades a los corruptos,35,30,80,40,35,40,51.25,0.0
Igual ganarÃ¡ el capitÃ¡n Lara,25,20,65,45,40,45,42.5,0.0
FirmarÃ¡ despuÃ©s de las elecciones!,30,25,70,40,35,40,47.5,0.0
TUTO PRESIDENTE !!!,15,10,75,60,55,45,35.0,0.0
No quiere no le rueguen los paceÃ±os nos encargamos de juzgar,50,55,75,25,20,30,64.75,0.0
No es obligatorio firmar...,25,20,65,45,40,45,42.5,0.0
"Que va a firmar la vÃ­bora ğŸ bocona, este Pitbull necesita un bozal!!",65,70,75,15,10,20,75.5,-1.0
"No es obligatorio, y no hay ley que diga obligaciÃ³n",30,25,65,45,40,45,44.75,0.0
"Que va a firmar, no lo harÃ¡ porque quiere seguir haciendo guerra sucia.",55,60,80,25,20,30,67.75,-1.0
"Que no va firmar, no tiene palabra",50,55,75,25,20,30,64.75,0.0
Como Boliviano de oro... lo harÃ¡ cuando se le pegue la gana.. a Ãºltima hora ğŸ˜…ğŸ˜…ğŸ˜…,45,40,70,30,25,35,57.75,0.0
No lo harÃ¡ el Lari,50,55,75,25,20,30,64.75,0.0
ES CON J.P. VELASCO,20,15,75,50,45,40,40.75,0.0
No le da la gana asi de simple,40,35,70,35,30,40,53.5,0.0
Una firma no cambia nada ğŸ¤£ğŸ¤£ğŸ¤£ğŸ¤£sigue la guerra sucia de Tuto hacia su rival y tuto y JP firmaron,45,40,75,30,25,35,58.5,0.0
0:00 / 1:01,10,5,65,40,35,35,38.25,0.0
Quiere hacerse el mÃ¡rtir como hacia evo,50,55,80,25,20,30,65.5,0.0
"Le emputa firmar ese acuerdo,ğŸ˜†ğŸ˜†ğŸ¤£ğŸ¤£ğŸ¤£",55,60,75,20,15,25,69.0,-1.0
Pero ya firmo Jaimito no jodan,40,35,70,35,30,40,53.5,0.0
Los caballos de Troya deben pedir al jefe socialista permiso asÃ­ serÃ¡ cuando lleguen aser gobierno primero to ban a câ€¦ Ver mÃ¡s,50,45,85,30,25,35,62.25,0.0
Para que firmar si el Quico no respeta,45,40,75,30,25,35,58.5,0.0
Ah ! Por un momento pensÃ© q decÃ­a la gÃ¼era sucia,40,35,65,30,25,35,54.75,0.0
TÃºto presidente,15,10,75,60,55,45,35.0,0.0
OPA y KEWA,60,65,70,15,10,20,72.5,-1.0
Opa!!!,55,60,70,20,15,25,68.25,-1.0
No va a firmar ese loco es un cobarde ğŸ˜¡ğŸ˜¡ğŸ˜¡,60,65,75,20,15,25,71.25,-1.0
De que democracia hablan cuando son los primeros en hacer guerra sucia,50,45,80,30,25,35,61.5,0.0
Es un pobre resentido conntoda la sociedad,55,60,75,20,15,25,69.0,-1.0
"Es un vergÃ¼enza que un candidato actÃºe como un chiquillo resentido y frustrado, porque su enamorada lo mandÃ³ al diablo.",60,65,75,25,20,30,69.25,-1.0
"Ya sabemos quein es Lara un cachorro de Evo Murales, un cerviente mÃ¡s de Rusia y de China",55,60,85,25,20,30,68.5,-1.0
Es un malcriado no respeta ni a su propia gente,55,60,75,20,15,25,69.0,-1.0
"Mejor para quÃ© no es obligatorio firmar, la guerra sucia del fracasado polÃ­tico de tuto Quiroga, que siga nomÃ¡s, ya sabemos por quiÃ©n votar",50,45,80,30,25,35,61.5,0.0
Es bla bla. Pienso tambiÃ©n que no va firmara,35,30,70,35,30,40,51.25,0.0
No firmarÃ¡ ese loco paquito. EstÃ¡ siguiendo los mismos pasos que jefe el evaristo..,55,60,80,25,20,30,67.75,-1.0
Peor Tuto se burlÃ³ con su firma,45,40,75,30,25,35,58.5,0.0
"Miedo, .... que va cumplir ese se defiende amenazando y hablando wvds",50,55,75,25,20,30,64.75,0.0
Los Ãºnicos que defienden a este son los que andan prendidos de lo mismo ğŸ‡ªğŸ‡ªğŸ‡ªğŸ‡ª PDC. Proceso de cambio,45,40,80,30,25,35,59.25,0.0
Todos son coruptos sean masismos tutismos arcismos los electos son coruptos,50,45,75,35,30,40,58.75,0.0
DEBERIA HABER SANCIÃ“N PARA EL PDC,45,40,80,30,25,35,59.25,0.0
"A este paso DespuÃ©s de la elecciones va tener que ser, tawichi esta inclinado al PDC",40,35,75,35,30,40,54.25,0.0
Masist de damier,55,60,85,25,20,30,68.5,-1.0
Kewa lari lloron masista,60,65,80,20,15,25,72.0,-1.0
Y por que no explica el TSE que pasaâ€¦ Ver mÃ¡s,35,30,70,40,35,45,49.25,0.0
Y de que sirve esa firma si el tuto siga atacando a Capitan Lara por mediante de medios de comunicaciÃ³n siga atacando se metieâ€¦ Ver mÃ¡s,45,40,75,35,30,40,56.5,0.0
"Un tse que no se hace respetar, el lara se rie de ellos mientras sigue insultando y difamando a todos",50,45,80,30,25,35,61.5,0.0
"no firmara nada porque es un analfabeto , y retonto",65,70,75,15,10,20,75.5,-1.0
Mentirosos,45,40,70,25,20,30,59.75,0.0
Este resentido social que va a firmar,55,60,75,20,15,25,69.0,-1.0
Ese opa no vale nada,60,65,70,15,10,20,72.5,-1.0
"Que va a firmar, si su palabra no vale nada. Este individuo solo sabe rejurjitar estupideces.",55,60,75,20,15,25,69.0,-1.0
Si no quiere firmar es de esos que no respetan las leyes,40,35,75,35,30,40,54.25,0.0
Y que pasarÃ­a si no firma?,30,25,65,40,35,45,46.25,0.0
El es sabio,25,20,70,45,40,45,43.25,0.0
"Que firme, si es correcto lo dice, prensa corrupta, algunos periodistas corruptos, algunas autoridades corruptas. Justicia comâ€¦ Ver mÃ¡s",40,35,80,40,35,40,53.5,0.0
Hace lo que le da la gana escudÃ¡ndose en su falsa humildad y haciendose la vÃ­ctima igual que evo,55,60,80,25,20,30,67.75,-1.0
Con eso quieren callarlo a Lara por favor la gente se da cuenta de las cosas que pasan Fâ€¦ Ver mÃ¡s,35,30,75,40,35,45,50.0,0.0
"QuÃ© firme para frenar la guerra sucia entre ellos, por quÃ© no ganarÃ¡n nada mÃ¡s bien les restarÃ¡n menos cotos a estos candidatos a la presidencia.",40,35,75,45,40,45,50.75,0.0
Lara perderÃ¡ ğŸ˜¹,45,40,70,25,20,30,59.75,0.0
No va firmar si el es creador de la guerra suciağŸ¤£ğŸ¤£ğŸ¤£ğŸ¤£aparte de ser un llorÃ³n y el falso humilde.,55,60,75,20,15,25,69.0,-1.0
No firmara ningun acuerdo porque su campaÃ±a se basa en guerra sucia este huevon pipolar,60,65,75,20,15,25,71.25,-1.0
Adelante Lara !!,25,20,65,50,45,40,41.5,0.0
Es un cobarde no creo vaya a firmar,50,55,75,25,20,30,64.75,0.0
"dÃ©jenlo en paz a este pobre Lara, se estÃ¡ quemando solito",45,40,70,30,25,35,57.75,0.0
Es cobarde cuando esta rodeado con un crupo de gente se cree machote comiensa a lansar brabuconadas y amenazas pero cuando seâ€¦ Ver mÃ¡s,55,60,75,25,20,30,67.0,-1.0
No puede firma,40,35,70,30,25,35,55.5,0.0
el no es de la democracia.â€¦ Ver mÃ¡s,45,40,75,30,25,35,58.5,0.0
Rodrigo Paz y CapitÃ¡n Lara ğŸ’ªğŸ’ªğŸ’ª Presidente ğŸ‡§ğŸ‡´ğŸ‡§ğŸ‡´ğŸ‡§ğŸ‡´ğŸ‘ de Bolivia.,20,15,65,55,50,40,37.75,0.0
No podemos obligar a que firme a uno..,30,25,65,40,35,45,46.25,0.0
TUTO QUE RETIRE DE GOOGLE ANTES.,35,30,75,35,30,40,52.0,0.0
"Lara ya dijo q solo hace caso a su amo Evo morales, asÃ­ q se aguantan nomÃ¡s",55,60,85,25,20,30,68.5,-1.0
No es serio parece un hualaycho,50,55,70,25,20,30,64.0,0.0
Jajajaja nunca lo hara este capitÃ¡nsito T'ara,55,60,75,20,15,25,69.0,-1.0
No es hombre de palabra es un cobarde,55,60,75,20,15,25,69.0,-1.0
Tuto presidente,15,10,75,60,55,45,35.0,0.0
Le vale a Ã©l nunca le intereso hacer ello y el que tanto se quejaba de guerra sucia el es el principal instigador a la guerra sucia,50,45,80,30,25,35,61.5,0.0
Es en vano..anbos candidatos se hacen guerra sucia.,40,35,70,35,30,40,53.5,0.0
Mejor por que no se arrodillan para que firme como si no fueran autoridades de todos modos firme o no este mentiroso empedernido no cumplirÃ¡,55,60,75,25,20,30,67.0,-1.0
El sucio sos vos pacomaleante,60,65,75,15,10,20,73.25,-1.0
QuÃ© se puede esperar de un Lari desertor ????,55,60,75,20,15,25,69.0,-1.0
Yyyyyyyy ya deberÃ­an sancionarlo o bajarlo a ese ignorante solo quier pelearce y tomar revancha con los policÃ­as,50,55,80,30,25,35,63.5,0.0
Que espera TSE deberÃ­a sancionarlo por irresponsable,45,40,75,35,30,40,56.5,0.0
Que se mete bolivision gente metiche dejen que ellos hablen x si solos muy metiches son,40,35,65,35,30,40,52.75,0.0
Bamos. Con. Capi. Lara. Bolivia. Te. Queremos. Y. Te. Nesitamos,25,20,65,50,45,40,41.5,0.0
Es un cobarde pues si el mismo se queja de la guerra sucia y no quiere firmar es por q no es y no serÃ¡ buen gobernante,45,40,75,35,30,40,56.5,0.0
"Tahuichi quiere la firma para que un dÃ­a no vaya ala cÃ¡rcel,quiere respaldo de estos candidatos.",50,55,75,25,20,30,64.75,0.0
Su pequeÃ±o mani ya no lo deja pensar con coherencia,45,40,70,30,25,35,57.75,0.0
Aunque firme su lengua tiene decisiÃ³n propia...,35,30,70,35,30,40,51.25,0.0
Xq es un irresponsable no le da la gana,45,40,75,30,25,35,58.5,0.0
No firmara el.LARI,50,55,75,25,20,30,64.75,0.0
GIF,15,10,65,40,35,35,40.5,0.0
No debe saber firmar.ğŸ¤£ğŸ¤£ğŸ¤£ğŸ¤£,55,60,70,20,15,25,68.25,-1.0
"De que sirve firmar esa vaina, si la guerra sucia estÃ¡ en los comerciales de YouTube y toda las redes difamando ak PDC.",45,40,75,35,30,40,56.5,0.0
"ME LATE QUE ESTE CANAL TIENE MILITANCIA , POR QUE TIENE INCLINACIÃ“N A SU TUTO ğŸ˜‰",40,35,75,30,25,35,56.25,0.0
CapitÃ¡n Lara vice presidente,20,15,65,50,45,40,39.25,0.0
Cada cosa que quien obligar estos ?,30,25,65,35,30,40,48.25,0.0
Que boca Sr Lara tanto trabajamos en la primera vuelta yo creo ahora estÃ¡s lejos el pez muere por su propia boca que pena,45,40,75,30,25,35,58.5,0.0
Decir sus verdades a tuto no es guerra sucia lo que pasa que ese tiene Alzheimer,45,40,75,30,25,35,58.5,0.0
W3bada con. Bolivsion,35,30,65,30,25,35,52.5,0.0
SIGANLE ROGANDO AL PACO INDISCIPLINADO Y SIN RESPETO POR NADIE,55,60,75,20,15,25,69.0,-1.0
