palabra_1,palabra_2,palabra_3,palabra_4,palabra_5,palabra_6,palabra_7,palabra_8,palabra_9,palabra_10,palabra_11,palabra_12,palabra_13,palabra_14,palabra_15,palabra_16,palabra_17,palabra_18,palabra_19,palabra_20,palabra_21,palabra_22,palabra_23,palabra_24,palabra_25,palabra_26,palabra_27,palabra_28,palabra_29,palabra_30,palabra_31,palabra_32,palabra_33,palabra_34,palabra_35,palabra_36,palabra_37,palabra_38,palabra_39,palabra_40,palabra_41,palabra_42,palabra_43,palabra_44,palabra_45,palabra_46,palabra_47,palabra_48,palabra_49,palabra_50,palabra_51,palabra_52,palabra_53,palabra_54,palabra_55,palabra_56,palabra_57,palabra_58,palabra_59,palabra_60,palabra_61,palabra_62,palabra_63,palabra_64,palabra_65,palabra_66,palabra_67,palabra_68,palabra_69,palabra_70,palabra_71,palabra_72,palabra_73,palabra_74,palabra_75
cómo,el,propio,evo,achacollo,lidia,pati,reynaldo,ezequiel,así,de,honestos,o,más,,,,,,,,,,,,,,,,,,,,,,,,,,,,,,,,,,,,,,,,,,,,,,,,,,,,,,,,,,,,,
desatinada,las,declaraciones,del,candidato,vicepresidencial,pero,se,debe,reconocer,que,hay,algunos,profesionales,de,todos,los,gremios,que,carecen,de,honestidad,valores,y,ética,,,,,,,,,,,,,,,,,,,,,,,,,,,,,,,,,,,,,,,,,,,,,,,,,,
la,honestidad,y,otros,son,valores,la,inteligencia,la,capacidad,de,resolver,problemas,y,demas,se,adquieren,estudiando,,,,,,,,,,,,,,,,,,,,,,,,,,,,,,,,,,,,,,,,,,,,,,,,,,,,,,,,,
bueno,llegó,la,hora,de,quemar,libros,,,,,,,,,,,,,,,,,,,,,,,,,,,,,,,,,,,,,,,,,,,,,,,,,,,,,,,,,,,,,,,,,,,,
eso,es,lo,que,decía,evo,,,,,,,,,,,,,,,,,,,,,,,,,,,,,,,,,,,,,,,,,,,,,,,,,,,,,,,,,,,,,,,,,,,,,
los,de,la,reserva,moral,ponchosabarcas,y,pollera,resultaron,ser,ladrones,,,,,,,,,,,,,,,,,,,,,,,,,,,,,,,,,,,,,,,,,,,,,,,,,,,,,,,,,,,,,,,,
ese,discurso,queda,totalmente,obsoleto,en,éstos,tiempos,creo,que,la,educación,es,lo,más,importante,para,sacar,adelante,a,nuestro,país,necesitamos,gente,formada,con,conocimientos,amplios,para,desempeñar,los,cargos,públicos,,,,,,,,,,,,,,,,,,,,,,,,,,,,,,,,,,,,,,,,,,
con,razon,fue,policia,,,,,,,,,,,,,,,,,,,,,,,,,,,,,,,,,,,,,,,,,,,,,,,,,,,,,,,,,,,,,,,,,,,,,,,
tuto,presidente,toto,tuto,tuto,presidente,,,,,,,,,,,,,,,,,,,,,,,,,,,,,,,,,,,,,,,,,,,,,,,,,,,,,,,,,,,,,,,,,,,,,
escuchándolo,a,este,tipo,vemos,la,importancia,de,la,formación,académica,es,por,eso,q,estamos,como,estamos,,,,,,,,,,,,,,,,,,,,,,,,,,,,,,,,,,,,,,,,,,,,,,,,,,,,,,,,,
de,honestidad,hablando,un,paco,,,,,,,,,,,,,,,,,,,,,,,,,,,,,,,,,,,,,,,,,,,,,,,,,,,,,,,,,,,,,,,,,,,,,,
y,donde,queda,el,esfuerzo,que,ponen,los,padres,para,hacer,educar,a,sus,hijos,el,esfuerzo,de,los,jovenes,y,señoritas,por,aprender,y,salir,adelante,,,,,,,,,,,,,,,,,,,,,,,,,,,,,,,,,,,,,,,,,,,,,,,,
será,que,conoce,este,la,palabra,honesto,,,,,,,,,,,,,,,,,,,,,,,,,,,,,,,,,,,,,,,,,,,,,,,,,,,,,,,,,,,,,,,,,,,,
queremos,un,candidato,bien,preparado,no,solo,que,sea,buena,persona,,,,,,,,,,,,,,,,,,,,,,,,,,,,,,,,,,,,,,,,,,,,,,,,,,,,,,,,,,,,,,,,
tan,honesto,el,bocón,,,,,,,,,,,,,,,,,,,,,,,,,,,,,,,,,,,,,,,,,,,,,,,,,,,,,,,,,,,,,,,,,,,,,,,
a,sin,profesión,pero,ser,honesto,,,,,,,,,,,,,,,,,,,,,,,,,,,,,,,,,,,,,,,,,,,,,,,,,,,,,,,,,,,,,,,,,,,,,
si,fuera,honesto,no,andaría,pues,con,procesos,judiciales,,,,,,,,,,,,,,,,,,,,,,,,,,,,,,,,,,,,,,,,,,,,,,,,,,,,,,,,,,,,,,,,,,
de,que,honestidad,habla,este,,,,,,,,,,,,,,,,,,,,,,,,,,,,,,,,,,,,,,,,,,,,,,,,,,,,,,,,,,,,,,,,,,,,,,
que,paso,lara,no,puedes,decir,eso,la,educación,es,la,base,del,desarrollo,de,la,sociedad,,,,,,,,,,,,,,,,,,,,,,,,,,,,,,,,,,,,,,,,,,,,,,,,,,,,,,,,,,
las,generalizaciones,son,dañinas,señor,,,,,,,,,,,,,,,,,,,,,,,,,,,,,,,,,,,,,,,,,,,,,,,,,,,,,,,,,,,,,,,,,,,,,,
opa,opa,,,,,,,,,,,,,,,,,,,,,,,,,,,,,,,,,,,,,,,,,,,,,,,,,,,,,,,,,,,,,,,,,,,,,,,,,
aparte,de,ser,honesto,por,lo,menos,tenemos,que,tener,inteligencia,emocional,criterios,para,emprender,y,buscar,soluciones,a,todo,tipo,de,problemas,que,se,presenten,en,base,a,experiencias,anteriores,,,,,,,,,,,,,,,,,,,,,,,,,,,,,,,,,,,,,,,,,,,,
que,tiene,éste,esta,enfermo,necesita,tratamiento,urgente,,,,,,,,,,,,,,,,,,,,,,,,,,,,,,,,,,,,,,,,,,,,,,,,,,,,,,,,,,,,,,,,,,,
para,que,funcione,necesita,ir,acompañada,de,instituciones,sólidas,justicia,efectiva,y,oportunidades,reales,de,movilidad,social,,,,,,,,,,,,,,,,,,,,,,,,,,,,,,,,,,,,,,,,,,,,,,,,,,,,,,,,,,
sigue,la,novela,no,soy,profesional,pero,me,siento,un,profesional,el,mismo,argumento,que,los,izquierdistas,lamentable,,,,,,,,,,,,,,,,,,,,,,,,,,,,,,,,,,,,,,,,,,,,,,,,,,,,,,,,,
plan,de,gobierno,q,presente,para,saber,,,,,,,,,,,,,,,,,,,,,,,,,,,,,,,,,,,,,,,,,,,,,,,,,,,,,,,,,,,,,,,,,,,,
pero,acaso,es,honesto,legalizar,los,autos,chutos,siendo,un,negocio,de,las,mafias,de,chuteros,,,,,,,,,,,,,,,,,,,,,,,,,,,,,,,,,,,,,,,,,,,,,,,,,,,,,,,,,,,
ingnorancia,vs,educación,,,,,,,,,,,,,,,,,,,,,,,,,,,,,,,,,,,,,,,,,,,,,,,,,,,,,,,,,,,,,,,,,,,,,,,,
jajaja,jaja,,,,,,,,,,,,,,,,,,,,,,,,,,,,,,,,,,,,,,,,,,,,,,,,,,,,,,,,,,,,,,,,,,,,,,,,,
la,honestidad,a,diferencia,de,la,inteligencia,es,algo,que,no,se,puede,calificar,,,,,,,,,,,,,,,,,,,,,,,,,,,,,,,,,,,,,,,,,,,,,,,,,,,,,,,,,,,,,
que,la,honestidad,salve,a,los,enfermos,de,los,hospitales,q,gente,sin,preparación,entre,a,un,quirófano,a,operar,solo,xq,es,honesto,o,q,haga,una,quimioterapia,o,hemodiálisis,x,ser,honesto,otitis,crónica,causa,cada,q,se,lo,escucha,a,este,señor,,,,,,,,,,,,,,,,,,,,,,,,,,,,,,
policías,honestos,dónde,hay,,,,,,,,,,,,,,,,,,,,,,,,,,,,,,,,,,,,,,,,,,,,,,,,,,,,,,,,,,,,,,,,,,,,,,,
pues,deberías,ser,honesto,entonces,,,,,,,,,,,,,,,,,,,,,,,,,,,,,,,,,,,,,,,,,,,,,,,,,,,,,,,,,,,,,,,,,,,,,,
tuto,presidente,,,,,,,,,,,,,,,,,,,,,,,,,,,,,,,,,,,,,,,,,,,,,,,,,,,,,,,,,,,,,,,,,,,,,,,,,
estudiar,es,muy,importante,dejá,de,defender,tu,ignorancia,,,,,,,,,,,,,,,,,,,,,,,,,,,,,,,,,,,,,,,,,,,,,,,,,,,,,,,,,,,,,,,,,,
opa,hay,que,ser,,,,,,,,,,,,,,,,,,,,,,,,,,,,,,,,,,,,,,,,,,,,,,,,,,,,,,,,,,,,,,,,,,,,,,,
líbranos,de,todo,mal,señor,,,,,,,,,,,,,,,,,,,,,,,,,,,,,,,,,,,,,,,,,,,,,,,,,,,,,,,,,,,,,,,,,,,,,,
es,necesario,ser,una,persona,capacitada,para,llevar,adelante,un,país,no,me,quiero,imaginar,la,cara,que,estos,pueden,mostrar,en,conferencia,internacional,,,,,,,,,,,,,,,,,,,,,,,,,,,,,,,,,,,,,,,,,,,,,,,,,,,
que,opa,,,,,,,,,,,,,,,,,,,,,,,,,,,,,,,,,,,,,,,,,,,,,,,,,,,,,,,,,,,,,,,,,,,,,,,,,
terrible,este,hombre,,,,,,,,,,,,,,,,,,,,,,,,,,,,,,,,,,,,,,,,,,,,,,,,,,,,,,,,,,,,,,,,,,,,,,,,
basta,de,este,tipo,,,,,,,,,,,,,,,,,,,,,,,,,,,,,,,,,,,,,,,,,,,,,,,,,,,,,,,,,,,,,,,,,,,,,,,
con,razon,los,policías,escriben,cajon,con,g,que,horror,que,cualquiera,se,pueda,postular,deberia,haber,un,filtro,filtro,académico,y,valores,por,que,este,tipo,no,representa,a,la,gente,que,lucha,estudia,y,se,esfuerza,por,crecer,,,,,,,,,,,,,,,,,,,,,,,,,,,,,,,,,,,
pobrecito,por,lo,menos,en,administración,y,saber,multiplicar,y,dividir,es,importante,aparte,de,ser,honesto,porq,sino,saben,de,números,te,engañan,y,te,roban,,,,,,,,,,,,,,,,,,,,,,,,,,,,,,,,,,,,,,,,,,,,,,,,
no,puedo,crer,que,haya,gente,que,votará,por,este,tipo,,,,,,,,,,,,,,,,,,,,,,,,,,,,,,,,,,,,,,,,,,,,,,,,,,,,,,,,,,,,,,,,
basa,perder,edman,lara,,,,,,,,,,,,,,,,,,,,,,,,,,,,,,,,,,,,,,,,,,,,,,,,,,,,,,,,,,,,,,,,,,,,,,,
que,tanta,cobertura,le,dan,los,periodistas,lo,único,que,están,haciendo,es,que,crezca,su,popularidad,dejen,que,hable,y,no,le,den,cobertura,utilicen,psicología,los,periodistas,,,,,,,,,,,,,,,,,,,,,,,,,,,,,,,,,,,,,,,,,,,,,,
ajá,por,eso,cuando,eras,paco,extorsionabas,a,la,gente,honesto,qué,hubiera,pasado,si,no,le,daban,de,baja,en,la,policía,haya,continuado,con,su,honestidad,cara,dura,,,,,,,,,,,,,,,,,,,,,,,,,,,,,,,,,,,,,,,,,,,,,
y,no,estar,,,,,,,,,,,,,,,,,,,,,,,,,,,,,,,,,,,,,,,,,,,,,,,,,,,,,,,,,,,,,,,,,,,,,,,,
tener,títulos,y,ser,honesto,son,cualidades,muy,importantes,lo,que,no,tiene,ninguno,de,ustedlary,,,,,,,,,,,,,,,,,,,,,,,,,,,,,,,,,,,,,,,,,,,,,,,,,,,,,,,,,,,
ni,candidato,deberia,ser,este,individuo,solo,quiere,poder,pero,sus,fines,personales,,,,,,,,,,,,,,,,,,,,,,,,,,,,,,,,,,,,,,,,,,,,,,,,,,,,,,,,,,,,,,
por,honesto,lo,dieron,de,baja,que,ironía,,,,,,,,,,,,,,,,,,,,,,,,,,,,,,,,,,,,,,,,,,,,,,,,,,,,,,,,,,,,,,,,,,,
la,honestidad,no,basta,además,se,necesita,estar,educado,o,instruido,una,persona,honesta,no,instruida,es,cruel,ofensiva,generadora,de,conflictos,,,,,,,,,,,,,,,,,,,,,,,,,,,,,,,,,,,,,,,,,,,,,,,,,,,,,
mielda,entonces,para,que,no,sacamos,la,mielda,que,gobiernen,los,burros,entonces,,,,,,,,,,,,,,,,,,,,,,,,,,,,,,,,,,,,,,,,,,,,,,,,,,,,,,,,,,,,,,
que,extraño,solo,las,personas,que,no,son,bachilleres,dicen,eso,como,evo,morales,que,andaba,gritándolo,a,los,cuatro,vientos,que,no,era,bachiller,,,,,,,,,,,,,,,,,,,,,,,,,,,,,,,,,,,,,,,,,,,,,,,,,,
este,tipo,me,da,miedo,,,,,,,,,,,,,,,,,,,,,,,,,,,,,,,,,,,,,,,,,,,,,,,,,,,,,,,,,,,,,,,,,,,,,,
me,da,a,pensar,que,este,señor,se,compró,el,título,ya,que,una,profesión,conlleva,años,de,esfuerzo,y,sacrificio,no,solo,de,los,que,lo,adquieren,sino,también,de,padres,que,su,único,objetivo,es,ver,realizados,a,sus,hijos,,,,,,,,,,,,,,,,,,,,,,,,,,,,,,,,,
por,honesto,deserto,de,la,policía,que,curioso,,,,,,,,,,,,,,,,,,,,,,,,,,,,,,,,,,,,,,,,,,,,,,,,,,,,,,,,,,,,,,,,,,,
seremos,gobierno,y,terminaremos,con,los,corruptos,ladrones,y,vendepatrias,,,,,,,,,,,,,,,,,,,,,,,,,,,,,,,,,,,,,,,,,,,,,,,,,,,,,,,,,,,,,,,,,
antes,q,conocimiento,es,la,honestidad,de,nada,sirve,mucho,conocimiento,como,vemos,hoy,gente,con,conocimiento,pero,corruptos,,,,,,,,,,,,,,,,,,,,,,,,,,,,,,,,,,,,,,,,,,,,,,,,,,,,,,,,
ayyy,por,favor,que,resignación,como,si,la,honestidad,solusionara,todo,,,,,,,,,,,,,,,,,,,,,,,,,,,,,,,,,,,,,,,,,,,,,,,,,,,,,,,,,,,,,,,,
lo,primero,ser,honesto,y,respetuoso,,,,,,,,,,,,,,,,,,,,,,,,,,,,,,,,,,,,,,,,,,,,,,,,,,,,,,,,,,,,,,,,,,,,,
no,se,trata,de,tener,titulos,se,trata,de,estar,preparado,para,dirigir,a,un,pais,saber,hablar,y,comunicarse,con,los,diferentes,dirigentes,del,mundo,tener,conocimiento,de,administracion,economia,en,un,mundo,capitalista,no,se,trata,de,ser,campesino,o,jailongo,se,trata,de,tener,una,autoridad,que,nos,represente,y,que,sepa,cuidar,nuestros,intereses,simplemente,eso,,,,,,,,,,,,,,,
desmerece,al,profesional,está,loco,este,tipo,ojalá,que,las,generaciones,actuales,no,lo,sigan,o,lean,las,macanas,que,habla,y,se,vuelvan,conformistas,con,su,forma,de,vida,y,no,aspiren,a,realizarse,profesionalmente,,,,,,,,,,,,,,,,,,,,,,,,,,,,,,,,,,,,,,,
su,lengua,es,más,larga,que,la,corbata,,,,,,,,,,,,,,,,,,,,,,,,,,,,,,,,,,,,,,,,,,,,,,,,,,,,,,,,,,,,,,,,,,,
este,puede,vender,hasta,su,vida,al,diablo,para,obtener,lo,que,quiere,vergenza,daría,hablar,así,de,la,gente,joven,que,se,esfuerza,por,tener,su,título,profesional,de,la,umsa,o,de,alguna,carrera,para,matarlos,con,sus,palabras,que,vierte,verdaderamente,es,una,pena,de,este,señor,,,,,,,,,,,,,,,,,,,,,,,,,
justamente,por,gente,que,no,tenía,títulos,o,conocimiento,es,que,estado,así,por,favor,dejemos,de,crer,que,no,tener,estudios,es,un,logro,basta,de,gente,que,no,sabe,lo,que,hace,y,que,solo,se,victimiza,,,,,,,,,,,,,,,,,,,,,,,,,,,,,,,,,,,,
digan,lo,que,digan,hagan,lo,hagan,el,pdc,es,el,futuro,ya,que,los,valores,terminan,con,la,corrupción,,,,,,,,,,,,,,,,,,,,,,,,,,,,,,,,,,,,,,,,,,,,,,,,,,,,,,,
despues,te,llenas,de,acesores,con,titulos,que,opa,,,,,,,,,,,,,,,,,,,,,,,,,,,,,,,,,,,,,,,,,,,,,,,,,,,,,,,,,,,,,,,,,,
que,bruto,ese,tipo,,,,,,,,,,,,,,,,,,,,,,,,,,,,,,,,,,,,,,,,,,,,,,,,,,,,,,,,,,,,,,,,,,,,,,,
de,que,te,sirve,ser,un,opa,honesto,,,,,,,,,,,,,,,,,,,,,,,,,,,,,,,,,,,,,,,,,,,,,,,,,,,,,,,,,,,,,,,,,,,
pero,miren,quien,habla,de,honestidad,el,que,cuenta,con,mas,antecedentes,que,un,delincuente,,,,,,,,,,,,,,,,,,,,,,,,,,,,,,,,,,,,,,,,,,,,,,,,,,,,,,,,,,,,
que,risa,que,me,das,,,,,,,,,,,,,,,,,,,,,,,,,,,,,,,,,,,,,,,,,,,,,,,,,,,,,,,,,,,,,,,,,,,,,,
a,ser,laris,como,este,suficiente,no,,,,,,,,,,,,,,,,,,,,,,,,,,,,,,,,,,,,,,,,,,,,,,,,,,,,,,,,,,,,,,,,,,,,
todos,son,sinverguenzas,,,,,,,,,,,,,,,,,,,,,,,,,,,,,,,,,,,,,,,,,,,,,,,,,,,,,,,,,,,,,,,,,,,,,,,,
el,ser,honesto,no,es,por,saber,más,o,poco,la,honestidad,es,valor,una,cualidad,q,pocos,lo,tienen,hoy,en,la,politiqueria,nunca,hay,gente,honesta,el,poder,les,corrompe,en,todo,sentido,,,,,,,,,,,,,,,,,,,,,,,,,,,,,,,,,,,,,,,,
vergenza,ajena,,,,,,,,,,,,,,,,,,,,,,,,,,,,,,,,,,,,,,,,,,,,,,,,,,,,,,,,,,,,,,,,,,,,,,,,,
este,no,tiene,ni,títulos,menos,honestidad,,,,,,,,,,,,,,,,,,,,,,,,,,,,,,,,,,,,,,,,,,,,,,,,,,,,,,,,,,,,,,,,,,,,
que,pena,,,,,,,,,,,,,,,,,,,,,,,,,,,,,,,,,,,,,,,,,,,,,,,,,,,,,,,,,,,,,,,,,,,,,,,,,
y,que,pasa,con,profesionales,jóvenes,piensan,que,son,como,ellos,,,,,,,,,,,,,,,,,,,,,,,,,,,,,,,,,,,,,,,,,,,,,,,,,,,,,,,,,,,,,,,,
no,señor,para,llegar,al,poder,se,necesitan,ambas,cosas,ser,honesto,y,tener,títulos,que,avalen,la,capacidad,de,la,persona,para,poder,sacar,a,un,país,adelante,con,el,simple,hecho,de,ser,honestos,no,es,suficiente,,,,,,,,,,,,,,,,,,,,,,,,,,,,,,,,,,,,
incentivando,a,la,ignorancia,y,al,conformismo,,,,,,,,,,,,,,,,,,,,,,,,,,,,,,,,,,,,,,,,,,,,,,,,,,,,,,,,,,,,,,,,,,,,
entonces,para,que,tanto,esfuerzo,,,,,,,,,,,,,,,,,,,,,,,,,,,,,,,,,,,,,,,,,,,,,,,,,,,,,,,,,,,,,,,,,,,,,,
el,ser,onesto,es,parte,del,ser,son,valores,de,cada,uno,que,tiene,,,,,,,,,,,,,,,,,,,,,,,,,,,,,,,,,,,,,,,,,,,,,,,,,,,,,,,,,,,,,
con,un,solo,título,podrías,dejar,de,decir,tanta,tontería,,,,,,,,,,,,,,,,,,,,,,,,,,,,,,,,,,,,,,,,,,,,,,,,,,,,,,,,,,,,,,,,,
se,nota,que,las,personas,preparadas,lo,intimidan,mejor,estudie,señor,lara,así,sabrá,que,el,conocimiento,es,poder,,,,,,,,,,,,,,,,,,,,,,,,,,,,,,,,,,,,,,,,,,,,,,,,,,,,,,,,
kkkkk,como,puej,un,paco,hablando,de,ser,honesto,eso,es,ya,un,colmo,,,,,,,,,,,,,,,,,,,,,,,,,,,,,,,,,,,,,,,,,,,,,,,,,,,,,,,,,,,,,
ósea,que,este,cre,que,cumple,con,los,requisitos,ya,no,tiene,ningún,grado,le,dieron,de,baja,y,abogado,no,sabemos,y,de,honestidad,hay,que,ver,todas,las,demandas,que,tiene,y,porque,son,,,,,,,,,,,,,,,,,,,,,,,,,,,,,,,,,,,,,,,
q,ignorancia,,,,,,,,,,,,,,,,,,,,,,,,,,,,,,,,,,,,,,,,,,,,,,,,,,,,,,,,,,,,,,,,,,,,,,,,,
para,q,estudio,por,ahí,le,iba,mejor,,,,,,,,,,,,,,,,,,,,,,,,,,,,,,,,,,,,,,,,,,,,,,,,,,,,,,,,,,,,,,,,,,,
hace,falta,ser,preparado,estudiar,capacitarse,y,por,supuesto,ser,honesto,,,,,,,,,,,,,,,,,,,,,,,,,,,,,,,,,,,,,,,,,,,,,,,,,,,,,,,,,,,,,,,,
pero,que,mejor,sería,un,buen,profecinal,honesto,y,con,valores,,,,,,,,,,,,,,,,,,,,,,,,,,,,,,,,,,,,,,,,,,,,,,,,,,,,,,,,,,,,,,,,
así,es,todos,tenemos,que,ser,onestos,para,tener,larga,vida,bendiciones,,,,,,,,,,,,,,,,,,,,,,,,,,,,,,,,,,,,,,,,,,,,,,,,,,,,,,,,,,,,,,,
ser,honesto,y,también,tener,preparación,sr,lara,,,,,,,,,,,,,,,,,,,,,,,,,,,,,,,,,,,,,,,,,,,,,,,,,,,,,,,,,,,,,,,,,,,
son,palabras,de,dictadores,como,hugo,chavez,y,como,esta,ahora,venezuela2,dólares,ganan,al,mes,,,,,,,,,,,,,,,,,,,,,,,,,,,,,,,,,,,,,,,,,,,,,,,,,,,,,,,,,,,
el,bipolar,del,momento,,,,,,,,,,,,,,,,,,,,,,,,,,,,,,,,,,,,,,,,,,,,,,,,,,,,,,,,,,,,,,,,,,,,,,,
mucho,animal,,,,,,,,,,,,,,,,,,,,,,,,,,,,,,,,,,,,,,,,,,,,,,,,,,,,,,,,,,,,,,,,,,,,,,,,,
algo,nuevo,queremos,pará,nuestro,país,,,,,,,,,,,,,,,,,,,,,,,,,,,,,,,,,,,,,,,,,,,,,,,,,,,,,,,,,,,,,,,,,,,,,
hace,falta,tener,estudios,para,saber,manejar,un,país,,,,,,,,,,,,,,,,,,,,,,,,,,,,,,,,,,,,,,,,,,,,,,,,,,,,,,,,,,,,,,,,,,
bueno,será,que,lara,conoce,que,significa,honestidad,,,,,,,,,,,,,,,,,,,,,,,,,,,,,,,,,,,,,,,,,,,,,,,,,,,,,,,,,,,,,,,,,,,
oy,en,dia,gente,honecta,tambien,estudia,sabe,mucho,mejor,q,los,q,tienen,experencia,y,ablamos,barias,ideomas,gente,honecto,,,,,,,,,,,,,,,,,,,,,,,,,,,,,,,,,,,,,,,,,,,,,,,,,,,,,,
todo,loque,digas,será,usado,en,tu,contra,perro,,,,,,,,,,,,,,,,,,,,,,,,,,,,,,,,,,,,,,,,,,,,,,,,,,,,,,,,,,,,,,,,,,
a,mayor,educación,menor,corrupción,a,menor,educación,mayor,corrupción,,,,,,,,,,,,,,,,,,,,,,,,,,,,,,,,,,,,,,,,,,,,,,,,,,,,,,,,,,,,,,,,,
si,señor,,,,,,,,,,,,,,,,,,,,,,,,,,,,,,,,,,,,,,,,,,,,,,,,,,,,,,,,,,,,,,,,,,,,,,,,,
masilara,,,,,,,,,,,,,,,,,,,,,,,,,,,,,,,,,,,,,,,,,,,,,,,,,,,,,,,,,,,,,,,,,,,,,,,,,,
miren,quién,habla,de,honestidad,,,,,,,,,,,,,,,,,,,,,,,,,,,,,,,,,,,,,,,,,,,,,,,,,,,,,,,,,,,,,,,,,,,,,,
hace,falta,que,volvas,al,colegio,a,estudiar,un,poquito,mas,te,hace,falta,mucho,para,querer,administrar,un,pais,sin,dividir,y,sembrar,mas,odio,,,,,,,,,,,,,,,,,,,,,,,,,,,,,,,,,,,,,,,,,,,,,,,,,
eso,es,lo,que,hubieran,querido,que,diga,,,,,,,,,,,,,,,,,,,,,,,,,,,,,,,,,,,,,,,,,,,,,,,,,,,,,,,,,,,,,,,,,,,
que,naso,,,,,,,,,,,,,,,,,,,,,,,,,,,,,,,,,,,,,,,,,,,,,,,,,,,,,,,,,,,,,,,,,,,,,,,,,
así,es,cuando,tiene,una,dios,jesús,en,su,corazón,si,tienes,jesús,en,su,guen,contra,ti,lodo,lo,gue,cristo,me,fortalece,jehova,peleasra,por,el,,,,,,,,,,,,,,,,,,,,,,,,,,,,,,,,,,,,,,,,,,,,,,,
póngale,0,,,,,,,,,,,,,,,,,,,,,,,,,,,,,,,,,,,,,,,,,,,,,,,,,,,,,,,,,,,,,,,,,,,,,,,,,
tú,encabezas,a,los,corruptos,y,extorsionadores,,,,,,,,,,,,,,,,,,,,,,,,,,,,,,,,,,,,,,,,,,,,,,,,,,,,,,,,,,,,,,,,,,,,
estamos,condenados,si,este,muchacho,gana,,,,,,,,,,,,,,,,,,,,,,,,,,,,,,,,,,,,,,,,,,,,,,,,,,,,,,,,,,,,,,,,,,,,,
si,necesitas,una,operación,del,corazón,anda,donde,uno,que,no,sea,médico,pero,que,sea,honesto,,,,,,,,,,,,,,,,,,,,,,,,,,,,,,,,,,,,,,,,,,,,,,,,,,,,,,,,,,
por,pensamientos,como,este,es,que,hay,varios,jóvenes,sin,estudios,dedicarle,solo,a,la,política,y,ser,un,mamon,más,del,estado,,,,,,,,,,,,,,,,,,,,,,,,,,,,,,,,,,,,,,,,,,,,,,,,,,,,
pero,de,verdad,hay,que,ser,bruto,para,volver,a,votar,por,este,personaje,,,,,,,,,,,,,,,,,,,,,,,,,,,,,,,,,,,,,,,,,,,,,,,,,,,,,,,,,,,,,
no,es,solo,tene,honestidad,también,a,que,tener,capacidad,,,,,,,,,,,,,,,,,,,,,,,,,,,,,,,,,,,,,,,,,,,,,,,,,,,,,,,,,,,,,,,,,
grande,sr,lara,,,,,,,,,,,,,,,,,,,,,,,,,,,,,,,,,,,,,,,,,,,,,,,,,,,,,,,,,,,,,,,,,,,,,,,,
vaya,manera,de,fomentar,l,flojera,,,,,,,,,,,,,,,,,,,,,,,,,,,,,,,,,,,,,,,,,,,,,,,,,,,,,,,,,,,,,,,,,,,,,
otro,que,fomenta,a,qué,los,jóvenes,no,estudienque,decepcion,de,persona,,,,,,,,,,,,,,,,,,,,,,,,,,,,,,,,,,,,,,,,,,,,,,,,,,,,,,,,,,,,,,,
cada,dia,este,tipo,es,noticia,,,,,,,,,,,,,,,,,,,,,,,,,,,,,,,,,,,,,,,,,,,,,,,,,,,,,,,,,,,,,,,,,,,,,
su,formación,lo,dice,todo,,,,,,,,,,,,,,,,,,,,,,,,,,,,,,,,,,,,,,,,,,,,,,,,,,,,,,,,,,,,,,,,,,,,,,
eres,un,tarado,con,el,respeto,que,se,merecen,los,policias,excluyendote,a,ti,por,corrupto,y,estafador,cuando,dices,que,los,títulos,no,importan,es,que,tu,jamas,tendras,ni,una,y,por,eso,eres,un,renegado,social,finges,tu,conducta,ipocrita,y,demagogo,,,,,,,,,,,,,,,,,,,,,,,,,,,,,,
qué,tipo,más,desagradable,,,,,,,,,,,,,,,,,,,,,,,,,,,,,,,,,,,,,,,,,,,,,,,,,,,,,,,,,,,,,,,,,,,,,,,
más,honestos,,,,,,,,,,,,,,,,,,,,,,,,,,,,,,,,,,,,,,,,,,,,,,,,,,,,,,,,,,,,,,,,,,,,,,,,,
ajajaja,lo,importante,es,hablar,sin,razonar,para,no,ser,historia,eso,pensó,este,personaje,una,vergenza,,,,,,,,,,,,,,,,,,,,,,,,,,,,,,,,,,,,,,,,,,,,,,,,,,,,,,,,,,
esa,era,su,ideología,comunista,de,evo,morales,y,arce,catacora,como,estamos,ahora,en,la,miseria,ybeste,tipo,piensa,lo,mismo,quieren,q,todos,los,q,les,rodean,en,su,gabinete,sean,siegos,sordos,y,mudos,para,q,no,sepan,lo,q,hacen,esto,es,lo,más,detestable,q,se,ha,escuchado,de,la,boca,de,este,personaje,,,,,,,,,,,,,,,,
más,opa,no,puede,ser,por,eso,esta,así,el,sin,diésel,ni,gasolina,por,gente,que,no,sabe,loque,tiene,que,hacer,la,profesión,es,un,futuro,para,toda,la,vida,,,,,,,,,,,,,,,,,,,,,,,,,,,,,,,,,,,,,,,,,,,
claro,cualquiera,piede,sacarnos,de,la,crisis,el,problema,es,que,él,no,es,honesto,ni,tiene,títulos,ni,nada,tener,títulos,y,preparación,no,está,reñido,con,la,honestidad,así,que,no,justifiques,tu,ignorancia,,,,,,,,,,,,,,,,,,,,,,,,,,,,,,,,,,,,,,,
como,las,hermanas,terán,,,,,,,,,,,,,,,,,,,,,,,,,,,,,,,,,,,,,,,,,,,,,,,,,,,,,,,,,,,,,,,,,,,,,,,
y,es,verdad,lo,que,que,vale,hoy,la,honestidad,eso,viene,cuando,el,salario,es,lo,suficiente,,,,,,,,,,,,,,,,,,,,,,,,,,,,,,,,,,,,,,,,,,,,,,,,,,,,,,,,,
es,la,pura,verdad,lo,que,te,hace,grande,y,para,ser,líder,es,el,conocimiento,y,buen,manejo,de,la,inteligencia,,,,,,,,,,,,,,,,,,,,,,,,,,,,,,,,,,,,,,,,,,,,,,,,,,,,,
lo,que,necesitamos,es,profesionales,honestos,,,,,,,,,,,,,,,,,,,,,,,,,,,,,,,,,,,,,,,,,,,,,,,,,,,,,,,,,,,,,,,,,,,,,
no,porque,el,es,un,profesional,deshonesto,todos,van,a,ser,como,él,con,razón,se,hizo,votar,de,la,policia,,,,,,,,,,,,,,,,,,,,,,,,,,,,,,,,,,,,,,,,,,,,,,,,,,,,,,
por,eso,estamos,como,estamos,,,,,,,,,,,,,,,,,,,,,,,,,,,,,,,,,,,,,,,,,,,,,,,,,,,,,,,,,,,,,,,,,,,,,,
miechi,cada,comentario,que,habla,este,sr,lara,es,realmente,una,burla,semejante,ignorancia,su,comentario,con,esas,ideas,se,retrocede,900,a,1000,años,para,poder,decir,tales,expresiones,valores,suelen,estar,ligados,a,crencias,principios,éticos,como,ser,la,honestidad,respeto,el,conocimiento,es,la,informacion,experiencia,habilidades,adquiridos,a,la,experiencia,el,estudio,por,lo,que,no,es,suficiente,decir,semejantes,expresiones,por,parte,de,un,ex,funcionario,público,que,buscaba,justicia
que,el,voto,nos,libre,de,éste,,,,,,,,,,,,,,,,,,,,,,,,,,,,,,,,,,,,,,,,,,,,,,,,,,,,,,,,,,,,,,,,,,,,
trabajo,duro,,,,,,,,,,,,,,,,,,,,,,,,,,,,,,,,,,,,,,,,,,,,,,,,,,,,,,,,,,,,,,,,,,,,,,,,,
llocaya,al,1000,,,,,,,,,,,,,,,,,,,,,,,,,,,,,,,,,,,,,,,,,,,,,,,,,,,,,,,,,,,,,,,,,,,,,,,,
tiene,cara,de,it,,,,,,,,,,,,,,,,,,,,,,,,,,,,,,,,,,,,,,,,,,,,,,,,,,,,,,,,,,,,,,,,,,,,,,,
xuxa,gana,estos,weones,estamos,perdidos,,,,,,,,,,,,,,,,,,,,,,,,,,,,,,,,,,,,,,,,,,,,,,,,,,,,,,,,,,,,,,,,,,,,,
o,sea,que,cualquier,persona,sin,ningún,estudio,puede,gobernar,un,país,que,irracionalidad,hasta,donde,llega,la,angurria,de,poder,que,cualquier,discurso,es,posible,,,,,,,,,,,,,,,,,,,,,,,,,,,,,,,,,,,,,,,,,,,,,,,,,
hay,que,ver,el,lado,bueno,si,en,caso,ganará,paz,y,lara,podremos,nacionalizar,los,autos,qué,robemos,de,perú,o,chile,o,motos,mi,voto,es,por,el,pdc,,,,,,,,,,,,,,,,,,,,,,,,,,,,,,,,,,,,,,,,,,,,
que,lgnorancia,tan,grande,pero,lara,debe,estar,mal,,,,,,,,,,,,,,,,,,,,,,,,,,,,,,,,,,,,,,,,,,,,,,,,,,,,,,,,,,,,,,,,,,
el,muy,honesto,con,procesos,judiciales,que,tal,esa,,,,,,,,,,,,,,,,,,,,,,,,,,,,,,,,,,,,,,,,,,,,,,,,,,,,,,,,,,,,,,,,,,
la,ignorancia,es,atrevida,,,,,,,,,,,,,,,,,,,,,,,,,,,,,,,,,,,,,,,,,,,,,,,,,,,,,,,,,,,,,,,,,,,,,,,
fuerza,lara,,,,,,,,,,,,,,,,,,,,,,,,,,,,,,,,,,,,,,,,,,,,,,,,,,,,,,,,,,,,,,,,,,,,,,,,,
es,una,pena,tener,gouvernantes,que,no,tienen,carrera,porque,eso,son,los,ladrones,sin,ir,lejos,los,masistas,ladrones,,,,,,,,,,,,,,,,,,,,,,,,,,,,,,,,,,,,,,,,,,,,,,,,,,,,,,,
que,parezca,un,accidente,antes,que,se,cre,otro,evo,,,,,,,,,,,,,,,,,,,,,,,,,,,,,,,,,,,,,,,,,,,,,,,,,,,,,,,,,,,,,,,,,
claro,por,el,pueblo,exactamente,,,,,,,,,,,,,,,,,,,,,,,,,,,,,,,,,,,,,,,,,,,,,,,,,,,,,,,,,,,,,,,,,,,,,,
este,tipo,da,vergenza,con,su,vocabulario,florido,de,malas,palabras,vulgar,no,tiene,respecto,a,nadie,,,,,,,,,,,,,,,,,,,,,,,,,,,,,,,,,,,,,,,,,,,,,,,,,,,,,,,,,,
dios,mediante,rodrigo,presidente,,,,,,,,,,,,,,,,,,,,,,,,,,,,,,,,,,,,,,,,,,,,,,,,,,,,,,,,,,,,,,,,,,,,,,,
realmente,,,,,,,,,,,,,,,,,,,,,,,,,,,,,,,,,,,,,,,,,,,,,,,,,,,,,,,,,,,,,,,,,,,,,,,,,,
esa,es,una,afirmación,muy,cierta,de,que,sirve,ser,el,mejor,estudiante,ser,el,más,inteligente,y,si,usas,esa,inteligencia,para,dañar,robar,corromper,etc,con,gente,con,valores,como,la,honestidad,sinceridad,respeto,nuestro,país,cambiaria,mucho,pero,muchisimo,,,,,,,,,,,,,,,,,,,,,,,,,,,,,,,,,
con,este,habra,tremenda,corrupcion,,,,,,,,,,,,,,,,,,,,,,,,,,,,,,,,,,,,,,,,,,,,,,,,,,,,,,,,,,,,,,,,,,,,,,
por,qué,son,expertos,en,robar,sin,ningún,esfuerzo,tienen,bolsillos,llenos,de,millones,yo,solo,confío,en,dios,,,,,,,,,,,,,,,,,,,,,,,,,,,,,,,,,,,,,,,,,,,,,,,,,,,,,,,,
hecho,a,los,honestos,paco,collmero,corrupto,,,,,,,,,,,,,,,,,,,,,,,,,,,,,,,,,,,,,,,,,,,,,,,,,,,,,,,,,,,,,,,,,,,,
paco,extorsionador,,,,,,,,,,,,,,,,,,,,,,,,,,,,,,,,,,,,,,,,,,,,,,,,,,,,,,,,,,,,,,,,,,,,,,,,,
jovenes,de,bolivia,estudien,no,le,hagan,caso,a,este,opa,,,,,,,,,,,,,,,,,,,,,,,,,,,,,,,,,,,,,,,,,,,,,,,,,,,,,,,,,,,,,,,,
das,risa,payas,,,,,,,,,,,,,,,,,,,,,,,,,,,,,,,,,,,,,,,,,,,,,,,,,,,,,,,,,,,,,,,,,,,,,,,,
el,mejor,título,la,honestidad,y,el,patriotismo,cuanto,mas,títulos,mas,ladrones,son,,,,,,,,,,,,,,,,,,,,,,,,,,,,,,,,,,,,,,,,,,,,,,,,,,,,,,,,,,,,,
que,pena,por,eso,nuestra,patria,está,asi,,,,,,,,,,,,,,,,,,,,,,,,,,,,,,,,,,,,,,,,,,,,,,,,,,,,,,,,,,,,,,,,,,,
claro,que,no,pero,le,queda,grande,hablar,de,honestidad,,,,,,,,,,,,,,,,,,,,,,,,,,,,,,,,,,,,,,,,,,,,,,,,,,,,,,,,,,,,,,,,,
el,extorsionador,ablando,de,honestidad,,,,,,,,,,,,,,,,,,,,,,,,,,,,,,,,,,,,,,,,,,,,,,,,,,,,,,,,,,,,,,,,,,,,,,
honesto,,,,,,,,,,,,,,,,,,,,,,,,,,,,,,,,,,,,,,,,,,,,,,,,,,,,,,,,,,,,,,,,,,,,,,,,,,
use,su,cerebrito,para,hablar,,,,,,,,,,,,,,,,,,,,,,,,,,,,,,,,,,,,,,,,,,,,,,,,,,,,,,,,,,,,,,,,,,,,,,
honesto,sin,cerebro,,,,,,,,,,,,,,,,,,,,,,,,,,,,,,,,,,,,,,,,,,,,,,,,,,,,,,,,,,,,,,,,,,,,,,,,
este,lara,con,que,moral,dirá,a,sus,hijos,que,estudien,pufff,mal,muy,mal,cada,vez,en,decadencia,este,personaje,,,,,,,,,,,,,,,,,,,,,,,,,,,,,,,,,,,,,,,,,,,,,,,,,,,,,,
una,persona,honesta,no,se,mete,a,postular,a,un,cargo,para,el,cual,no,está,preparado,,,,,,,,,,,,,,,,,,,,,,,,,,,,,,,,,,,,,,,,,,,,,,,,,,,,,,,,,,
ja,ja,ja,tu,honesto,ja,ja,ja,,,,,,,,,,,,,,,,,,,,,,,,,,,,,,,,,,,,,,,,,,,,,,,,,,,,,,,,,,,,,,,,,,,
es,ser,masiburro,,,,,,,,,,,,,,,,,,,,,,,,,,,,,,,,,,,,,,,,,,,,,,,,,,,,,,,,,,,,,,,,,,,,,,,,
es,increíble,que,la,gente,aborrezca,los,principios,como,la,honestidad,y,la,sinceridad,no,por,nada,somos,el,2do,país,más,corrupto,del,mundo,está,sociedad,está,enferma,y,se,merecen,un,presidente,como,tuto,para,que,sufran,como,la,paria,que,son,,,,,,,,,,,,,,,,,,,,,,,,,,,,,,,
bipolar,,,,,,,,,,,,,,,,,,,,,,,,,,,,,,,,,,,,,,,,,,,,,,,,,,,,,,,,,,,,,,,,,,,,,,,,,,
eso,es,lo,que,queremos,para,bolivia,,,,,,,,,,,,,,,,,,,,,,,,,,,,,,,,,,,,,,,,,,,,,,,,,,,,,,,,,,,,,,,,,,,,
ladron,sinverguenza,,,,,,,,,,,,,,,,,,,,,,,,,,,,,,,,,,,,,,,,,,,,,,,,,,,,,,,,,,,,,,,,,,,,,,,,,
este,es,su,hijo,predilecto,del,evaristo,espero,q,la,población,escoja,bien,está,ves,,,,,,,,,,,,,,,,,,,,,,,,,,,,,,,,,,,,,,,,,,,,,,,,,,,,,,,,,,,,
las,mismas,palabras,del,pedófiloy,termino,destruyendo,este,pais,,,,,,,,,,,,,,,,,,,,,,,,,,,,,,,,,,,,,,,,,,,,,,,,,,,,,,,,,,,,,,,,,,
él,ha,sido,policía,y,luego,sacó,su,profesión,de,abogado,sus,hijos,están,estudiando,el,habla,de,que,los,que,tienen,profesión,roban,más,que,los,que,no,tienen,profesión,pero,eso,mismo,aplica,para,él,ya,que,tiene,dos,títulos,increíble,como,sus,seguidores,le,aplauden,semejante,barbaridad,,,,,,,,,,,,,,,,,,,,,,,,,
no,veo,nada,de,honestidad,en,este,tipo,,,,,,,,,,,,,,,,,,,,,,,,,,,,,,,,,,,,,,,,,,,,,,,,,,,,,,,,,,,,,,,,,,,
cómo,un,candidato,a,la,presidencia,no,le,da,importancia,a,los,estudios,con,,,,,,,,,,,,,,,,,,,,,,,,,,,,,,,,,,,,,,,,,,,,,,,,,,,,,,,,,,,,,
y,este,quiere,ser,vicepresidente,dios,nos,libre,,,,,,,,,,,,,,,,,,,,,,,,,,,,,,,,,,,,,,,,,,,,,,,,,,,,,,,,,,,,,,,,,,,
vamos,lara,,,,,,,,,,,,,,,,,,,,,,,,,,,,,,,,,,,,,,,,,,,,,,,,,,,,,,,,,,,,,,,,,,,,,,,,,
no,los,tenga,pero,entonces,lea,más,infórmese,y,estudie,muchísimo,por,que,el,país,necesita,hombres,íntegros,para,sacar,adelante,a,toda,la,población,,,,,,,,,,,,,,,,,,,,,,,,,,,,,,,,,,,,,,,,,,,,,,,,,,
honesto,dios,,,,,,,,,,,,,,,,,,,,,,,,,,,,,,,,,,,,,,,,,,,,,,,,,,,,,,,,,,,,,,,,,,,,,,,,,
eso,es,lo,que,personas,con,o,sin,título,no,lo,tienen,la,honestidad,,,,,,,,,,,,,,,,,,,,,,,,,,,,,,,,,,,,,,,,,,,,,,,,,,,,,,,,,,,,,
que,dolor,de,cabeza,da,escucharle,hablar,asi,,,,,,,,,,,,,,,,,,,,,,,,,,,,,,,,,,,,,,,,,,,,,,,,,,,,,,,,,,,,,,,,,,,
con,razon,esa,gente,nos,gobierna,,,,,,,,,,,,,,,,,,,,,,,,,,,,,,,,,,,,,,,,,,,,,,,,,,,,,,,,,,,,,,,,,,,,,
pero,este,señor,no,conoce,la,honestidad,acaso,donde,se,formo,y,trabajo,conocen,esta,cualidad,,,,,,,,,,,,,,,,,,,,,,,,,,,,,,,,,,,,,,,,,,,,,,,,,,,,,,,,,,,
rencoroso,solo,quiere,a,rencoroso,,,,,,,,,,,,,,,,,,,,,,,,,,,,,,,,,,,,,,,,,,,,,,,,,,,,,,,,,,,,,,,,,,,,,,
tenias,q,ser,paco,,,,,,,,,,,,,,,,,,,,,,,,,,,,,,,,,,,,,,,,,,,,,,,,,,,,,,,,,,,,,,,,,,,,,,,
ese,corrupto,tiene,que,rendir,cuentas,la,gente,humilde,sufrió,mucho,con,ese,personaje,autoritarioesta,fuera,de,la,carrera,por,que,se,empeñan,en,repetir,siempre,lomismo,el,masismo,ya,murió,,,,,,,,,,,,,,,,,,,,,,,,,,,,,,,,,,,,,,,,,,,,
una,cosa,debería,ser,ilegal,en,este,país,y,eso,sería,la,ignorancia,,,,,,,,,,,,,,,,,,,,,,,,,,,,,,,,,,,,,,,,,,,,,,,,,,,,,,,,,,,,,,
laugh,lol,gif,by,dominicanas,got,talent,,,,,,,,,,,,,,,,,,,,,,,,,,,,,,,,,,,,,,,,,,,,,,,,,,,,,,,,,,,,,,,,,,,,
cata,cora,economista,catedrático,de,k,sirvivio,igual,tuto,se,la,savem,todas,,,,,,,,,,,,,,,,,,,,,,,,,,,,,,,,,,,,,,,,,,,,,,,,,,,,,,,,,,,,,,
la,ignorancia,tiene,la,le,gua,muy,larga,como,del,lagarto,,,,,,,,,,,,,,,,,,,,,,,,,,,,,,,,,,,,,,,,,,,,,,,,,,,,,,,,,,,,,,,,
este,opa,que,sabe,de,honestidad,,,,,,,,,,,,,,,,,,,,,,,,,,,,,,,,,,,,,,,,,,,,,,,,,,,,,,,,,,,,,,,,,,,,,
que,se,postulen,los,del,kínder,son,más,honestos,los,niños,,,,,,,,,,,,,,,,,,,,,,,,,,,,,,,,,,,,,,,,,,,,,,,,,,,,,,,,,,,,,,,,
indignante,,,,,,,,,,,,,,,,,,,,,,,,,,,,,,,,,,,,,,,,,,,,,,,,,,,,,,,,,,,,,,,,,,,,,,,,,,
no,entiendo,como,hay,gente,q,salió,profesional,que,le,costó,que,tuvieron,q,sacrificarse,estén,apoyando,a,este,candidato,qué,odia,a,los,profesionales,aparte,quiere,q,los,q,tengan,historial,criminal,esten,trabajando,en,las,empresas,en,el,escenario,q,un,asesino,q,quedo,libre,por,un,estado,sin,justicia,podría,ser,compañero,de,trabajoeso,este,tipo,quiere,hacer,los,verdaderos,profesionales,jamás,apoyariamos,a,este,candidato,,,,,,
esa,es,la,puritita,berdadlo,demas,es,cuento,de,charlatan,,,,,,,,,,,,,,,,,,,,,,,,,,,,,,,,,,,,,,,,,,,,,,,,,,,,,,,,,,,,,,,,,
enalfabeto,de,,,,,,,,,,,,,,,,,,,,,,,,,,,,,,,,,,,,,,,,,,,,,,,,,,,,,,,,,,,,,,,,,,,,,,,,,
este,sapo,se,pasacállate,m,,,,,,,,,,,,,,,,,,,,,,,,,,,,,,,,,,,,,,,,,,,,,,,,,,,,,,,,,,,,,,,,,,,,,,
rodrigo,paz,presidente,,,,,,,,,,,,,,,,,,,,,,,,,,,,,,,,,,,,,,,,,,,,,,,,,,,,,,,,,,,,,,,,,,,,,,,,
opa,el,paco,,,,,,,,,,,,,,,,,,,,,,,,,,,,,,,,,,,,,,,,,,,,,,,,,,,,,,,,,,,,,,,,,,,,,,,,
y,así,hay,gente,q,lo,apoyan,q,pena,por,bolivia,ojalá,reaccione,la,gente,y,sepa,dar,su,boto,,,,,,,,,,,,,,,,,,,,,,,,,,,,,,,,,,,,,,,,,,,,,,,,,,,,,,,
el,mismo,relato,de,los,masistas,,,,,,,,,,,,,,,,,,,,,,,,,,,,,,,,,,,,,,,,,,,,,,,,,,,,,,,,,,,,,,,,,,,,,
será,que,califica,,,,,,,,,,,,,,,,,,,,,,,,,,,,,,,,,,,,,,,,,,,,,,,,,,,,,,,,,,,,,,,,,,,,,,,,
con,razón,estamos,como,estamos,,,,,,,,,,,,,,,,,,,,,,,,,,,,,,,,,,,,,,,,,,,,,,,,,,,,,,,,,,,,,,,,,,,,,,
la,honestidad,es,algo,que,muchos,no,conocen,y,lo,ven,simple,por,más,titulado,masterado,u,doctorado,que,tengan,,,,,,,,,,,,,,,,,,,,,,,,,,,,,,,,,,,,,,,,,,,,,,,,,,,,,,,
si,eres,honrado,asta,tienes,la,bendición,de,dios,,,,,,,,,,,,,,,,,,,,,,,,,,,,,,,,,,,,,,,,,,,,,,,,,,,,,,,,,,,,,,,,,,
este,maleant,que,sabe,d,honestidad,si,vivió,tantos,años,de,extorcionar,a,la,gente,,,,,,,,,,,,,,,,,,,,,,,,,,,,,,,,,,,,,,,,,,,,,,,,,,,,,,,,,,,,
ahora,decís,eso,doble,moral,t,nes,que,ver,las,porquerías,de,gabraciones,que,hacías,para,refrescarte,la,memoria,te,olvidaste,que,denunciabas,corrupción,por,falta,de,estudios,de,gente,que,al,dedo,tenía,cargos,y,empleos,cuando,decías,que,la,gente,del,más,era,incompetente,por,falta,de,titulos,profesionales,que,rápido,cambiaste,de,opinión,no,,,,,,,,,,,,,,,,,,
viva,capitan,lara,presidente,,,,,,,,,,,,,,,,,,,,,,,,,,,,,,,,,,,,,,,,,,,,,,,,,,,,,,,,,,,,,,,,,,,,,,,
vercion,evo,2,,,,,,,,,,,,,,,,,,,,,,,,,,,,,,,,,,,,,,,,,,,,,,,,,,,,,,,,,,,,,,,,,,,,,,,,
ser,honesto,y,la,humildad,que,creo,que,le,hace,falta,a,alguien,,,,,,,,,,,,,,,,,,,,,,,,,,,,,,,,,,,,,,,,,,,,,,,,,,,,,,,,,,,,,,
poquita,lectura,aunque,sea,,,,,,,,,,,,,,,,,,,,,,,,,,,,,,,,,,,,,,,,,,,,,,,,,,,,,,,,,,,,,,,,,,,,,,,
calla,mal,te,,,,,,,,,,,,,,,,,,,,,,,,,,,,,,,,,,,,,,,,,,,,,,,,,,,,,,,,,,,,,,,,,,,,,,,,
evo,se,rodeo,de,sin,títulos,y,vean,que,paso,robaron,lindo,sin,ir,lejos,el,fondo,indígena,dirigió,una,campesina,sin,título,que,hizo,robo,tanto,que,hasta,ahora,no,devuelve,,,,,,,,,,,,,,,,,,,,,,,,,,,,,,,,,,,,,,,,,,,
en,la,vida,no,hay,honestos,,,,,,,,,,,,,,,,,,,,,,,,,,,,,,,,,,,,,,,,,,,,,,,,,,,,,,,,,,,,,,,,,,,,,
ahora,aplica,totalmente,el,dicho,la,ignorancia,es,atrevida,edman,lara,cuando,necesites,una,cirugía,que,te,la,haga,alguien,que,no,ha,estudiado,,,,,,,,,,,,,,,,,,,,,,,,,,,,,,,,,,,,,,,,,,,,,,,,,,,
esa,ignorancia,por,eso,estamos,como,estamos,no,hay,desarrollo,ni,tecnología,inteligencia,y,la,capacidad,son,primordiales,sobre,todo,experiencia,,,,,,,,,,,,,,,,,,,,,,,,,,,,,,,,,,,,,,,,,,,,,,,,,,,,,,
recuerden,quien,decía,esas,mismas,palabras,y,en,la,historia,del,mundo,quienes,son,los,que,utilizan,ese,tipo,de,discurso,son,los,peores,líderes,de,la,historia,,,,,,,,,,,,,,,,,,,,,,,,,,,,,,,,,,,,,,,,,,,,,,,
sobretodo,tener,a,dios,en,el,corazon,,,,,,,,,,,,,,,,,,,,,,,,,,,,,,,,,,,,,,,,,,,,,,,,,,,,,,,,,,,,,,,,,,,,
lo,dice,un,opa,,,,,,,,,,,,,,,,,,,,,,,,,,,,,,,,,,,,,,,,,,,,,,,,,,,,,,,,,,,,,,,,,,,,,,,
cínico,el,opa,,,,,,,,,,,,,,,,,,,,,,,,,,,,,,,,,,,,,,,,,,,,,,,,,,,,,,,,,,,,,,,,,,,,,,,,
qué,mal,fomenta,la,deserción,escolar,es,importante,estudiar,formarse,educarse,los,valores,no,se,aprenden,en,la,escuela,ni,las,universidades,se,aprenden,en,casa,es,una,lastima,que,una,persona,que,estudió,siendo,mayor,de,edad,queriendo,superarse,tenga,esa,forma,de,pensar,,,,,,,,,,,,,,,,,,,,,,,,,,,,,,
eso,es,lo,que,le,falta,a,usted,señor,lara,honestidad,y,eso,no,se,aprende,en,las,universidades,se,aprende,en,casa,en,la,familia,y,a,usted,lo,amahestraron,en,la,policía,de,dudosa,y,mañosa,procedencia,,,,,,,,,,,,,,,,,,,,,,,,,,,,,,,,,,,,
excelente,,,,,,,,,,,,,,,,,,,,,,,,,,,,,,,,,,,,,,,,,,,,,,,,,,,,,,,,,,,,,,,,,,,,,,,,,,
que,entenderá,por,onesto,este,lary,,,,,,,,,,,,,,,,,,,,,,,,,,,,,,,,,,,,,,,,,,,,,,,,,,,,,,,,,,,,,,,,,,,,,
un,burro,no,nesesita,tener,titilos,la,persona,si,tiene,que,tener,conocimiento,de,cada,profesion,que,le,guste,hejerser,en,la,vida,,,,,,,,,,,,,,,,,,,,,,,,,,,,,,,,,,,,,,,,,,,,,,,,,,,,
ese,es,el,problema,que,usted,para,nada,honesto,es,lleno,de,casos,de,corrupción,,,,,,,,,,,,,,,,,,,,,,,,,,,,,,,,,,,,,,,,,,,,,,,,,,,,,,,,,,,,
profesionales,o,no,puedan,ser,honestos,o,deshonestos,solo,este,tipejo,desmerece,a,uno,u,otro,cuando,le,conviene,y,donde,este,tipicos,discursos,de,odio,del,socialismo,,,,,,,,,,,,,,,,,,,,,,,,,,,,,,,,,,,,,,,,,,,,,,,
el,honesto,el,burro,hablando,de,orejas,,,,,,,,,,,,,,,,,,,,,,,,,,,,,,,,,,,,,,,,,,,,,,,,,,,,,,,,,,,,,,,,,,,,
escuchar,ese,tipo,de,declaraciones,da,vergenza,está,tipo,es,el,q,quiere,gobernar,,,,,,,,,,,,,,,,,,,,,,,,,,,,,,,,,,,,,,,,,,,,,,,,,,,,,,,,,,,,,
mitomano,el,nepotismo,no,es,honestidad,es,corrupcion,,,,,,,,,,,,,,,,,,,,,,,,,,,,,,,,,,,,,,,,,,,,,,,,,,,,,,,,,,,,,,,,,,,
con,este,gobierno,saliente,quedo,demostrado,que,tener,estudios,si,sirve,a,parte,tener,mucha,cultura,conocimiento,es,lo,poco,que,se,requiere,para,poder,representar,un,país,,,,,,,,,,,,,,,,,,,,,,,,,,,,,,,,,,,,,,,,,,,,,,,
no,es,importante,tener,especialidad,lo,importante,es,meterle,nomás,,,,,,,,,,,,,,,,,,,,,,,,,,,,,,,,,,,,,,,,,,,,,,,,,,,,,,,,,,,,,,,,,
muy,bien,,,,,,,,,,,,,,,,,,,,,,,,,,,,,,,,,,,,,,,,,,,,,,,,,,,,,,,,,,,,,,,,,,,,,,,,,
si,pero,tu,no,eres,honesto,,,,,,,,,,,,,,,,,,,,,,,,,,,,,,,,,,,,,,,,,,,,,,,,,,,,,,,,,,,,,,,,,,,,,
,,,,,,,,,,,,,,,,,,,,,,,,,,,,,,,,,,,,,,,,,,,,,,,,,,,,,,,,,,,,,,,,,,,,,,,,,,
